Year,Date,Audience,Result,Pitcher,GameTime,Average_Temperature (℃),Total_Precipitation (mm),Average_wind_speed(m/s),Home_Score,Away_Score,Is_Holiday,Match_Number,Rain_Zero_Flag,Capacity,Occupancy,Weekday_Friday,Weekday_Monday,Weekday_Saturday,Weekday_Sunday,Weekday_Thursday,Weekday_Tuesday,Weekday_Wednesday,Opponent_DeNA,Opponent_オリックス,Opponent_ヤクルト,Opponent_ロッテ,Opponent_中日,Opponent_巨人,Opponent_広島,Opponent_日本ハム,Opponent_楽天,Opponent_西武,Opponent_阪神
2015,2015-03-27,38500,0,攝津,197,12.2,0.0,1.7,1,3,0,1,1,38585,0.9977970714008034,1,0,0,0,0,0,0,0,0,0,1,0,0,0,0,0,0,0
2015,2015-03-28,37397,1,スタンリッジ,157,16.1,0.0,2.2,4,2,0,2,1,38585,0.9692108332253466,0,0,1,0,0,0,0,0,0,0,1,0,0,0,0,0,0,0
2015,2015-03-29,38118,0,中田,201,16.1,0.0,2.5,4,5,0,3,1,38585,0.9878968511079435,0,0,0,1,0,0,0,0,0,0,1,0,0,0,0,0,0,0
2015,2015-03-31,30268,1,大隣,151,17.1,0.0,2.8,7,0,0,4,1,38585,0.784449915770377,0,0,0,0,0,1,0,0,1,0,0,0,0,0,0,0,0,0
2015,2015-04-01,31198,0,武田,216,16.1,3.5,3.2,7,10,0,5,0,38585,0.8085525463262926,0,0,0,0,0,0,1,0,1,0,0,0,0,0,0,0,0,0
2015,2015-04-02,32029,1,東浜,238,19.4,0.0,3.0,5,4,0,6,1,38585,0.8300894129843204,0,0,0,0,1,0,0,0,1,0,0,0,0,0,0,0,0,0
2015,2015-04-21,31324,1,大隣,201,14.4,0.0,4.8,7,1,0,7,1,38585,0.8118180640145134,0,0,0,0,0,1,0,0,0,0,0,0,0,0,0,1,0,0
2015,2015-04-22,31274,1,武田,169,16.3,0.0,2.4,2,1,0,8,1,38585,0.8105222236620448,0,0,0,0,0,0,1,0,0,0,0,0,0,0,0,1,0,0
2015,2015-04-24,34507,1,中田,242,17.2,0.0,2.4,3,3,0,9,1,38585,0.894311260852663,1,0,0,0,0,0,0,0,0,0,0,0,0,0,0,0,1,0
2015,2015-04-25,32587,0,攝津,203,17.0,0.0,2.2,2,4,0,10,1,38585,0.8445509913178696,0,0,1,0,0,0,0,0,0,0,0,0,0,0,0,0,1,0
2015,2015-04-26,38500,0,スタンリッジ,214,19.2,0.0,2.2,7,9,0,11,1,38585,0.9977970714008034,0,0,0,1,0,0,0,0,0,0,0,0,0,0,0,0,1,0
2015,2015-05-04,34431,1,大隣,172,20.4,1.0,2.9,5,4,1,12,0,38585,0.8923415835169107,0,1,0,0,0,0,0,0,0,0,1,0,0,0,0,0,0,0
2015,2015-05-05,36009,1,寺原,216,18.7,0.0,3.1,4,3,1,13,1,38585,0.933238305040819,0,0,0,0,0,1,0,0,0,0,1,0,0,0,0,0,0,0
2015,2015-05-06,34203,0,武田,205,17.5,0.0,2.0,4,7,1,14,1,38585,0.886432551509654,0,0,0,0,0,0,1,0,0,0,1,0,0,0,0,0,0,0
2015,2015-05-08,28086,1,中田,195,19.5,0.0,2.3,5,3,0,15,1,38585,0.7278994427886485,1,0,0,0,0,0,0,0,0,0,0,0,0,0,0,1,0,0
2015,2015-05-09,38500,0,攝津,273,18.8,4.0,2.7,2,3,0,16,0,38585,0.9977970714008034,0,0,1,0,0,0,0,0,0,0,0,0,0,0,0,1,0,0
2015,2015-05-10,31147,1,スタンリッジ,202,19.1,0.0,2.8,10,1,0,17,1,38585,0.8072307891667746,0,0,0,1,0,0,0,0,0,0,0,0,0,0,0,1,0,0
2015,2015-05-15,31219,1,武田,223,22.9,2.5,2.0,3,3,0,18,0,38585,0.8090967992743294,1,0,0,0,0,0,0,0,0,0,0,0,0,0,0,0,1,0
2015,2015-05-16,34088,1,攝津,195,17.9,24.0,3.1,12,4,0,19,0,38585,0.8834521186989763,0,0,1,0,0,0,0,0,0,0,0,0,0,0,0,0,1,0
2015,2015-05-17,35388,1,スタンリッジ,175,19.5,0.0,2.2,4,1,0,20,1,38585,0.9171439678631592,0,0,0,1,0,0,0,0,0,0,0,0,0,0,0,0,1,0
2015,2015-05-20,30638,1,中田,212,19.6,0.0,2.9,3,2,0,21,1,38585,0.7940391343786446,0,0,0,0,0,0,1,0,1,0,0,0,0,0,0,0,0,0
2015,2015-05-21,31622,1,武田,196,19.0,0.0,2.5,10,6,0,22,1,38585,0.8195412725152261,0,0,0,0,1,0,0,0,1,0,0,0,0,0,0,0,0,0
2015,2015-05-29,35632,1,攝津,196,23.9,0.0,2.8,7,4,0,23,1,38585,0.923467668783206,1,0,0,0,0,0,0,0,0,1,0,0,0,0,0,0,0,0
2015,2015-05-30,36432,0,スタンリッジ,211,21.6,4.5,2.1,3,5,0,24,0,38585,0.9442011144227032,0,0,1,0,0,0,0,0,0,1,0,0,0,0,0,0,0,0
2015,2015-05-31,37000,1,寺原,197,21.6,0.0,4.0,5,2,0,25,1,38585,0.9589218608267461,0,0,0,1,0,0,0,0,0,1,0,0,0,0,0,0,0,0
2015,2015-06-09,34453,1,大隣,211,21.1,3.0,2.4,5,0,0,26,0,38585,0.8929117532719969,0,0,0,0,0,1,0,0,0,0,0,0,0,0,0,0,0,1
2015,2015-06-10,35002,0,中田,195,22.4,1.0,1.7,4,5,0,27,0,38585,0.9071400803421018,0,0,0,0,0,0,1,0,0,0,0,0,0,0,0,0,0,1
2015,2015-06-11,32891,1,武田,265,23.8,21.0,2.4,5,3,0,28,0,38585,0.8524297006608785,0,0,0,0,1,0,0,0,0,0,0,0,0,0,0,0,0,1
2015,2015-06-12,38500,0,攝津,177,25.5,0.0,2.4,0,6,0,29,1,38585,0.9977970714008034,1,0,0,0,0,0,0,0,0,0,0,0,0,1,0,0,0,0
2015,2015-06-13,38500,0,スタンリッジ,231,24.2,0.0,3.6,3,9,0,30,1,38585,0.9977970714008034,0,0,1,0,0,0,0,0,0,0,0,0,0,1,0,0,0,0
2015,2015-06-14,38500,1,バンデンハーク,182,23.9,0.0,2.7,7,2,0,31,1,38585,0.9977970714008034,0,0,0,1,0,0,0,0,0,0,0,0,0,1,0,0,0,0
2015,2015-06-19,38500,1,中田,239,21.6,5.0,3.6,4,3,0,32,0,38585,0.9977970714008034,1,0,0,0,0,0,0,0,0,0,0,0,0,0,1,0,0,0
2015,2015-06-20,38500,1,寺原,201,22.2,1.0,3.6,11,1,0,33,0,38585,0.9977970714008034,0,0,1,0,0,0,0,0,0,0,0,0,0,0,1,0,0,0
2015,2015-06-21,38500,1,バンデンハーク,211,22.8,0.0,3.3,4,2,0,34,1,38585,0.9977970714008034,0,0,0,1,0,0,0,0,0,0,0,0,0,0,1,0,0,0
2015,2015-07-01,38500,0,スタンリッジ,181,22.7,51.5,2.6,3,10,0,35,0,38585,0.9977970714008034,0,0,0,0,0,0,1,0,0,0,0,0,0,0,0,0,1,0
2015,2015-07-02,38500,1,バンデンハーク,199,22.8,0.0,2.0,4,3,0,36,1,38585,0.9977970714008034,0,0,0,0,1,0,0,0,0,0,0,0,0,0,0,0,1,0
2015,2015-07-07,38500,0,武田,201,23.2,37.0,1.8,3,4,0,37,0,38585,0.9977970714008034,0,0,0,0,0,1,0,0,0,0,0,0,0,0,0,1,0,0
2015,2015-07-21,38500,1,攝津,175,26.2,9.5,2.1,3,0,0,38,0,38585,0.9977970714008034,0,0,0,0,0,1,0,0,0,0,1,0,0,0,0,0,0,0
2015,2015-07-22,38500,1,スタンリッジ,166,25.4,46.5,2.6,4,1,0,39,0,38585,0.9977970714008034,0,0,0,0,0,0,1,0,0,0,1,0,0,0,0,0,0,0
2015,2015-07-24,38500,1,バンデンハーク,158,29.8,0.0,3.0,2,1,0,40,1,38585,0.9977970714008034,1,0,0,0,0,0,0,0,1,0,0,0,0,0,0,0,0,0
2015,2015-07-25,38500,1,武田,198,29.1,0.0,2.5,2,0,0,41,1,38585,0.9977970714008034,0,0,1,0,0,0,0,0,1,0,0,0,0,0,0,0,0,0
2015,2015-07-26,38500,0,寺原,239,28.8,1.5,2.9,1,5,0,42,0,38585,0.9977970714008034,0,0,0,1,0,0,0,0,1,0,0,0,0,0,0,0,0,0
2015,2015-08-04,38500,1,中田,187,29.4,0.0,2.6,7,2,0,43,1,38585,0.9977970714008034,0,0,0,0,0,1,0,0,0,0,0,0,0,0,1,0,0,0
2015,2015-08-05,36745,1,スタンリッジ,254,29.9,0.0,2.5,4,3,0,44,1,38585,0.9523130750291564,0,0,0,0,0,0,1,0,0,0,0,0,0,0,1,0,0,0
2015,2015-08-06,36460,1,攝津,202,31.2,0.0,2.5,7,1,0,45,1,38585,0.9449267850200855,0,0,0,0,1,0,0,0,0,0,0,0,0,0,1,0,0,0
2015,2015-08-11,38500,1,スタンリッジ,218,29.6,0.0,2.6,7,6,0,46,1,38585,0.9977970714008034,0,0,0,0,0,1,0,0,1,0,0,0,0,0,0,0,0,0
2015,2015-08-12,38396,0,中田,216,26.1,43.5,3.1,2,3,0,47,0,38585,0.9951017234676688,0,0,0,0,0,0,1,0,1,0,0,0,0,0,0,0,0,0
2015,2015-08-13,36350,1,攝津,201,26.3,3.0,3.2,12,5,0,48,0,38585,0.9420759362446547,0,0,0,0,1,0,0,0,1,0,0,0,0,0,0,0,0,0
2015,2015-08-14,36078,1,バンデンハーク,212,27.1,0.0,2.3,8,2,0,49,1,38585,0.9350265647272256,1,0,0,0,0,0,0,0,0,0,0,0,0,0,0,0,1,0
2015,2015-08-15,35556,1,武田,221,27.5,0.0,2.5,6,5,0,50,1,38585,0.9214979914474537,0,0,1,0,0,0,0,0,0,0,0,0,0,0,0,0,1,0
2015,2015-08-16,37407,0,寺原,237,27.3,64.5,1.8,4,6,0,51,0,38585,0.9694700012958404,0,0,0,1,0,0,0,0,0,0,0,0,0,0,0,0,1,0
2015,2015-08-25,33388,1,寺原,167,23.6,75.5,5.9,7,4,0,52,0,38585,0.8653103537644162,0,0,0,0,0,1,0,0,0,0,1,0,0,0,0,0,0,0
2015,2015-08-26,36947,1,バンデンハーク,178,24.3,1.0,2.1,3,0,0,53,0,38585,0.9575482700531295,0,0,0,0,0,0,1,0,0,0,1,0,0,0,0,0,0,0
2015,2015-08-28,38500,0,中田,241,25.5,11.0,2.1,1,11,0,54,0,38585,0.9977970714008034,1,0,0,0,0,0,0,0,0,0,0,0,0,0,1,0,0,0
2015,2015-08-29,38500,1,武田,215,24.4,2.5,1.8,5,4,0,55,0,38585,0.9977970714008034,0,0,1,0,0,0,0,0,0,0,0,0,0,0,1,0,0,0
2015,2015-08-30,38500,1,スタンリッジ,289,25.0,0.0,1.8,2,2,0,56,1,38585,0.9977970714008034,0,0,0,1,0,0,0,0,0,0,0,0,0,0,1,0,0,0
2015,2015-09-04,38500,0,中田,213,25.5,0.0,2.8,5,6,0,57,1,38585,0.9977970714008034,1,0,0,0,0,0,0,0,0,0,0,0,0,0,0,1,0,0
2015,2015-09-05,38500,1,武田,200,24.2,9.5,1.6,7,0,0,58,0,38585,0.9977970714008034,0,0,1,0,0,0,0,0,0,0,0,0,0,0,0,1,0,0
2015,2015-09-06,38500,1,帆足,301,22.8,13.5,3.0,5,3,0,59,0,38585,0.9977970714008034,0,0,0,1,0,0,0,0,0,0,0,0,0,0,0,1,0,0
2015,2015-09-17,38500,1,武田,217,23.0,5.5,2.1,5,3,0,60,0,38585,0.9977970714008034,0,0,0,0,1,0,0,0,0,0,0,0,0,0,0,0,1,0
2015,2015-09-18,32308,0,攝津,216,23.1,0.0,4.9,3,4,0,61,1,38585,0.837320202151095,1,0,0,0,0,0,0,0,0,0,1,0,0,0,0,0,0,0
2015,2015-09-19,38500,1,中田,177,22.2,0.0,3.4,2,0,0,62,1,38585,0.9977970714008034,0,0,1,0,0,0,0,0,0,0,1,0,0,0,0,0,0,0
2015,2015-09-20,38500,1,千賀,169,22.1,0.0,2.9,1,0,0,63,1,38585,0.9977970714008034,0,0,0,1,0,0,0,0,0,0,1,0,0,0,0,0,0,0
2015,2015-09-28,35808,0,東浜,234,24.2,0.0,2.9,3,5,0,64,1,38585,0.9280290268238953,0,1,0,0,0,0,0,0,0,0,0,0,0,0,1,0,0,0
2015,2015-09-29,29705,0,寺原,223,24.1,0.0,3.7,5,10,0,65,1,38585,0.7698587534015809,0,0,0,0,0,1,0,0,0,0,0,0,0,0,0,1,0,0
2015,2015-09-30,28690,0,中田,212,21.0,5.0,1.7,2,3,0,66,0,38585,0.7435531942464688,0,0,0,0,0,0,1,0,0,0,0,0,0,0,0,1,0,0
2015,2015-10-01,32625,0,千賀,223,23.5,67.5,4.3,2,3,0,67,0,38585,0.8455358299857457,0,0,0,0,1,0,0,0,0,0,0,0,0,0,0,1,0,0
2016,2016-03-29,38500,0,和田,213,13.8,0.0,3.0,2,6,0,1,1,38585,0.9977970714008034,0,0,0,0,0,1,0,0,0,0,0,0,0,0,0,0,1,0
2016,2016-03-30,34300,1,千賀,202,16.3,0.0,2.5,5,4,0,2,1,38585,0.888946481793443,0,0,0,0,0,0,1,0,0,0,0,0,0,0,0,0,1,0
2016,2016-04-05,35165,1,和田,269,15.1,0.0,2.3,4,4,0,3,1,38585,0.9113645198911494,0,0,0,0,0,1,0,0,0,0,1,0,0,0,0,0,0,0
2016,2016-04-06,30016,0,千賀,188,15.9,2.5,2.0,3,4,0,4,0,38585,0.7779188803939354,0,0,0,0,0,0,1,0,0,0,1,0,0,0,0,0,0,0
2016,2016-04-07,28407,0,攝津,222,18.5,37.5,3.7,8,17,0,5,0,38585,0.7362187378514967,0,0,0,0,1,0,0,0,0,0,1,0,0,0,0,0,0,0
2016,2016-04-15,27871,1,東浜,171,16.8,0.0,3.1,3,2,0,6,1,38585,0.7223273292730336,1,0,0,0,0,0,0,0,0,0,0,0,0,0,0,1,0,0
2016,2016-04-17,33720,1,武田,292,17.5,10.0,5.1,9,7,0,7,0,38585,0.8739147337048075,0,0,0,1,0,0,0,0,0,0,0,0,0,0,0,1,0,0
2016,2016-04-23,32646,0,千賀,229,16.9,2.5,1.8,2,4,0,8,0,38585,0.8460800829337826,0,0,1,0,0,0,0,0,0,0,0,0,0,0,1,0,0,0
2016,2016-04-24,35563,1,武田,223,16.8,0.0,2.2,6,5,0,9,1,38585,0.9216794090967992,0,0,0,1,0,0,0,0,0,0,0,0,0,0,1,0,0,0
2016,2016-04-29,35622,0,中田,199,15.1,0.0,2.8,3,7,1,10,1,38585,0.9232085007127122,1,0,0,0,0,0,0,0,0,0,0,0,0,0,0,0,1,0
2016,2016-04-30,35115,1,千賀,278,18.2,0.0,2.4,4,4,0,11,1,38585,0.9100686795386809,0,0,1,0,0,0,0,0,0,0,0,0,0,0,0,0,1,0
2016,2016-05-01,34886,1,武田,183,20.2,0.0,2.4,6,3,0,12,1,38585,0.9041337307243748,0,0,0,1,0,0,0,0,0,0,0,0,0,0,0,0,1,0
2016,2016-05-06,30685,1,中田,201,19.2,10.0,3.7,3,2,0,13,0,38585,0.795257224309965,1,0,0,0,0,0,0,0,0,0,0,0,0,0,0,1,0,0
2016,2016-05-07,38500,1,千賀,202,19.8,0.0,2.5,3,2,0,14,1,38585,0.9977970714008034,0,0,1,0,0,0,0,0,0,0,0,0,0,0,0,1,0,0
2016,2016-05-08,35714,1,武田,167,20.8,1.5,2.0,3,1,0,15,0,38585,0.9255928469612543,0,0,0,1,0,0,0,0,0,0,0,0,0,0,0,1,0,0
2016,2016-05-10,29160,1,バンデンハーク,141,19.4,22.0,2.7,2,1,0,16,0,38585,0.7557340935596735,0,0,0,0,0,1,0,0,0,0,1,0,0,0,0,0,0,0
2016,2016-05-11,30335,1,和田,165,15.5,6.5,4.0,9,5,0,17,0,38585,0.786186341842685,0,0,0,0,0,0,1,0,0,0,1,0,0,0,0,0,0,0
2016,2016-05-12,32020,0,東浜,195,18.1,0.0,2.2,2,3,0,18,1,38585,0.829856161720876,0,0,0,0,1,0,0,0,0,0,1,0,0,0,0,0,0,0
2016,2016-05-18,36101,1,和田,210,19.3,0.0,2.2,6,2,0,19,1,38585,0.9356226512893612,0,0,0,0,0,0,1,0,0,0,0,0,0,0,1,0,0,0
2016,2016-05-19,34909,0,東浜,259,22.0,0.0,2.2,6,8,0,20,1,38585,0.9047298172865103,0,0,0,0,1,0,0,0,0,0,0,0,0,0,1,0,0,0
2016,2016-05-24,32275,1,バンデンハーク,245,24.2,15.0,3.4,22,6,0,21,0,38585,0.8364649475184657,0,0,0,0,0,1,0,0,1,0,0,0,0,0,0,0,0,0
2016,2016-05-25,32112,1,和田,170,22.1,1.5,2.1,5,2,0,22,0,38585,0.8322405079694182,0,0,0,0,0,0,1,0,1,0,0,0,0,0,0,0,0,0
2016,2016-05-26,33907,1,中田,214,23.6,0.0,2.5,4,3,0,23,1,38585,0.8787611766230401,0,0,0,0,1,0,0,0,1,0,0,0,0,0,0,0,0,0
2016,2016-05-31,34553,1,バンデンハーク,207,23.8,0.0,2.2,5,2,0,24,1,38585,0.895503433976934,0,0,0,0,0,1,0,0,0,0,0,1,0,0,0,0,0,0
2016,2016-06-01,35045,0,和田,165,21.8,0.0,3.5,0,5,0,25,1,38585,0.9082545030452248,0,0,0,0,0,0,1,0,0,0,0,1,0,0,0,0,0,0
2016,2016-06-02,34693,1,中田,203,20.4,0.0,4.3,6,2,0,26,1,38585,0.8991317869638461,0,0,0,0,1,0,0,0,0,0,0,1,0,0,0,0,0,0
2016,2016-06-07,34028,1,山田,192,23.4,0.0,2.0,6,3,0,27,1,38585,0.881897110276014,0,0,0,0,0,1,0,1,0,0,0,0,0,0,0,0,0,0
2016,2016-06-08,35761,1,和田,200,23.4,0.0,2.3,4,1,0,28,1,38585,0.9268109368925749,0,0,0,0,0,0,1,1,0,0,0,0,0,0,0,0,0,0
2016,2016-06-09,33632,1,中田,189,23.4,1.0,2.5,4,2,0,29,0,38585,0.8716340546844629,0,0,0,0,1,0,0,1,0,0,0,0,0,0,0,0,0,0
2016,2016-06-10,37618,1,東浜,192,24.3,0.0,2.5,2,1,0,30,1,38585,0.9749384475832578,1,0,0,0,0,0,0,0,0,0,0,0,1,0,0,0,0,0
2016,2016-06-11,38500,1,千賀,202,26.5,0.0,2.2,8,3,0,31,1,38585,0.9977970714008034,0,0,1,0,0,0,0,0,0,0,0,0,1,0,0,0,0,0
2016,2016-06-12,38500,1,武田,161,23.9,12.0,2.2,7,5,0,32,0,38585,0.9977970714008034,0,0,0,1,0,0,0,0,0,0,0,0,1,0,0,0,0,0
2016,2016-06-29,38043,1,千賀,238,23.3,44.0,1.7,7,6,0,33,0,38585,0.9859530905792406,0,0,0,0,0,0,1,0,0,0,1,0,0,0,0,0,0,0
2016,2016-06-30,38027,1,岩嵜,180,25.0,0.0,1.7,2,1,0,34,1,38585,0.9855384216664507,0,0,0,0,1,0,0,0,0,0,1,0,0,0,0,0,0,0
2016,2016-07-01,38389,0,和田,195,27.8,0.5,3.5,2,5,0,35,0,38585,0.9949203058183231,1,0,0,0,0,0,0,0,0,0,0,0,0,0,1,0,0,0
2016,2016-07-02,38500,0,東浜,189,30.3,0.5,4.7,0,4,0,36,0,38585,0.9977970714008034,0,0,1,0,0,0,0,0,0,0,0,0,0,0,1,0,0,0
2016,2016-07-03,38500,0,中田,188,30.0,1.5,3.2,0,2,0,37,0,38585,0.9977970714008034,0,0,0,1,0,0,0,0,0,0,0,0,0,0,1,0,0,0
2016,2016-07-08,35237,0,和田,182,24.9,41.5,2.4,2,3,0,38,0,38585,0.9132305299987041,1,0,0,0,0,0,0,0,0,0,0,0,0,0,0,1,0,0
2016,2016-07-09,36617,1,東浜,212,26.2,0.5,2.2,6,2,0,39,0,38585,0.9489957237268368,0,0,1,0,0,0,0,0,0,0,0,0,0,0,0,1,0,0
2016,2016-07-10,38500,1,大隣,202,27.1,6.5,1.9,6,2,0,40,0,38585,0.9977970714008034,0,0,0,1,0,0,0,0,0,0,0,0,0,0,0,1,0,0
2016,2016-07-18,38500,0,東浜,205,27.1,0.0,2.5,0,6,1,41,1,38585,0.9977970714008034,0,1,0,0,0,0,0,0,1,0,0,0,0,0,0,0,0,0
2016,2016-07-19,38500,0,武田,189,27.4,0.0,2.9,0,4,0,42,1,38585,0.9977970714008034,0,0,0,0,0,1,0,0,1,0,0,0,0,0,0,0,0,0
2016,2016-07-22,38500,1,和田,183,26.2,0.0,3.1,5,2,0,43,1,38585,0.9977970714008034,1,0,0,0,0,0,0,0,0,0,0,0,0,0,0,0,1,0
2016,2016-07-23,38500,0,千賀,213,27.9,0.0,2.3,1,3,0,44,1,38585,0.9977970714008034,0,0,1,0,0,0,0,0,0,0,0,0,0,0,0,0,1,0
2016,2016-07-24,38500,1,岩嵜,203,29.4,0.0,2.2,4,3,0,45,1,38585,0.9977970714008034,0,0,0,1,0,0,0,0,0,0,0,0,0,0,0,0,1,0
2016,2016-08-05,37093,1,和田,157,29.5,11.5,2.5,3,2,0,46,0,38585,0.9613321238823377,1,0,0,0,0,0,0,0,0,0,0,0,0,0,1,0,0,0
2016,2016-08-06,38500,0,千賀,211,28.7,31.5,2.1,1,8,0,47,0,38585,0.9977970714008034,0,0,1,0,0,0,0,0,0,0,0,0,0,0,1,0,0,0
2016,2016-08-07,38500,0,中田,220,29.8,0.0,2.0,3,8,0,48,1,38585,0.9977970714008034,0,0,0,1,0,0,0,0,0,0,0,0,0,0,1,0,0,0
2016,2016-08-16,38500,0,武田,197,29.7,0.0,2.5,4,6,0,49,1,38585,0.9977970714008034,0,0,0,0,0,1,0,0,0,0,0,0,0,0,0,0,1,0
2016,2016-08-23,38500,0,武田,238,29.5,0.0,4.3,2,3,0,50,1,38585,0.9977970714008034,0,0,0,0,0,1,0,0,0,0,0,0,0,0,0,1,0,0
2016,2016-08-24,37936,1,中田,204,29.7,0.0,2.8,5,0,0,51,1,38585,0.9831799922249579,0,0,0,0,0,0,1,0,0,0,0,0,0,0,0,1,0,0
2016,2016-08-25,36330,0,東浜,231,30.6,0.0,2.3,5,7,0,52,1,38585,0.9415576001036672,0,0,0,0,1,0,0,0,0,0,0,0,0,0,0,1,0,0
2016,2016-08-26,36354,1,和田,183,28.8,0.0,4.8,11,3,0,53,1,38585,0.9421796034728521,1,0,0,0,0,0,0,0,0,0,1,0,0,0,0,0,0,0
2016,2016-08-27,38500,1,千賀,198,26.9,0.0,5.0,14,3,0,54,1,38585,0.9977970714008034,0,0,1,0,0,0,0,0,0,0,1,0,0,0,0,0,0,0
2016,2016-08-28,38500,0,岩嵜,213,24.7,56.5,3.3,5,7,0,55,0,38585,0.9977970714008034,0,0,0,1,0,0,0,0,0,0,1,0,0,0,0,0,0,0
2016,2016-09-06,37502,0,武田,209,27.0,0.0,2.3,1,2,0,56,1,38585,0.9719320979655306,0,0,0,0,0,1,0,0,1,0,0,0,0,0,0,0,0,0
2016,2016-09-07,38500,1,中田,166,26.5,44.5,2.7,2,1,0,57,0,38585,0.9977970714008034,0,0,0,0,0,0,1,0,1,0,0,0,0,0,0,0,0,0
2016,2016-09-10,37866,0,千賀,187,26.1,0.0,1.9,2,7,0,58,1,38585,0.9813658157315018,0,0,1,0,0,0,0,0,0,0,0,0,0,0,0,0,1,0
2016,2016-09-11,38500,1,攝津,195,26.6,0.0,2.2,8,5,0,59,1,38585,0.9977970714008034,0,0,0,1,0,0,0,0,0,0,0,0,0,0,0,0,1,0
2016,2016-09-17,38500,1,和田,209,27.8,8.0,3.1,6,3,0,60,0,38585,0.9977970714008034,0,0,1,0,0,0,0,0,1,0,0,0,0,0,0,0,0,0
2016,2016-09-18,38500,1,バンデンハーク,189,24.7,135.0,1.5,8,5,0,61,0,38585,0.9977970714008034,0,0,0,1,0,0,0,0,1,0,0,0,0,0,0,0,0,0
2016,2016-09-19,38500,1,中田,298,23.2,16.0,3.9,3,3,1,62,0,38585,0.9977970714008034,0,1,0,0,0,0,0,0,1,0,0,0,0,0,0,0,0,0
2016,2016-09-21,38500,0,千賀,205,22.9,0.0,3.2,1,2,0,63,1,38585,0.9977970714008034,0,0,0,0,0,0,1,0,0,0,0,0,0,0,1,0,0,0
2016,2016-09-22,38500,0,武田,236,22.7,0.0,1.8,2,5,1,64,1,38585,0.9977970714008034,0,0,0,0,1,0,0,0,0,0,0,0,0,0,1,0,0,0
2016,2016-09-30,35473,1,中田,181,23.4,27.0,1.5,8,2,0,65,0,38585,0.9193468964623558,1,0,0,0,0,0,0,0,0,0,0,0,0,0,0,1,0,0
2017,2017-03-31,38585,1,和田,161,10.5,10.5,2.6,3,1,0,1,0,38585,1.0,1,0,0,0,0,0,0,0,0,0,1,0,0,0,0,0,0,0
2017,2017-04-01,38270,1,中田,186,10.8,2.5,2.7,4,1,0,2,0,38585,0.991836205779448,0,0,1,0,0,0,0,0,0,0,1,0,0,0,0,0,0,0
2017,2017-04-02,38585,1,東浜,173,10.2,8.0,3.9,5,3,0,3,0,38585,1.0,0,0,0,1,0,0,0,0,0,0,1,0,0,0,0,0,0,0
2017,2017-04-14,30748,0,中田,163,18.0,0.0,3.4,0,9,0,4,1,38585,0.7968899831540754,1,0,0,0,0,0,0,0,1,0,0,0,0,0,0,0,0,0
2017,2017-04-15,37616,0,攝津,246,20.0,10.5,2.4,6,7,0,5,0,38585,0.974886613969159,0,0,1,0,0,0,0,0,1,0,0,0,0,0,0,0,0,0
2017,2017-04-21,30142,1,中田,290,16.6,0.0,2.5,4,3,0,6,1,38585,0.7811843980821562,1,0,0,0,0,0,0,0,0,0,0,0,0,0,0,1,0,0
2017,2017-04-22,33223,0,大隣,204,16.4,0.0,4.5,2,11,0,7,1,38585,0.86103408060127,0,0,1,0,0,0,0,0,0,0,0,0,0,0,0,1,0,0
2017,2017-04-23,35400,0,寺原,241,15.5,0.0,2.7,1,2,0,8,1,38585,0.9174549695477517,0,0,0,1,0,0,0,0,0,0,0,0,0,0,0,1,0,0
2017,2017-04-26,31049,1,東浜,208,16.7,17.5,2.1,4,1,0,9,0,38585,0.8046909420759363,0,0,0,0,0,0,1,0,0,0,0,0,0,0,1,0,0,0
2017,2017-04-27,29721,0,バンデンハーク,226,16.1,0.0,3.2,4,5,0,10,1,38585,0.7702734223143709,0,0,0,0,1,0,0,0,0,0,0,0,0,0,1,0,0,0
2017,2017-05-02,35006,1,千賀,200,18.7,0.0,2.2,14,4,0,11,1,38585,0.9072437475702994,0,0,0,0,0,1,0,0,0,0,0,0,0,0,0,0,1,0
2017,2017-05-03,38585,1,東浜,181,19.4,11.5,1.9,6,2,1,12,0,38585,1.0,0,0,0,0,0,0,1,0,0,0,0,0,0,0,0,0,1,0
2017,2017-05-04,38585,1,バンデンハーク,207,22.0,0.0,1.9,9,6,1,13,1,38585,1.0,0,0,0,0,1,0,0,0,0,0,0,0,0,0,0,0,1,0
2017,2017-05-09,29444,1,千賀,147,17.4,14.5,3.1,2,1,0,14,0,38585,0.763094466761695,0,0,0,0,0,1,0,0,1,0,0,0,0,0,0,0,0,0
2017,2017-05-10,31367,1,東浜,221,18.6,0.0,3.2,3,2,0,15,1,38585,0.8129324867176364,0,0,0,0,0,0,1,0,1,0,0,0,0,0,0,0,0,0
2017,2017-05-11,30313,1,バンデンハーク,214,22.6,0.0,3.6,7,0,0,16,1,38585,0.7856161720875988,0,0,0,0,1,0,0,0,1,0,0,0,0,0,0,0,0,0
2017,2017-05-14,38585,0,寺原,208,21.1,0.0,2.7,2,9,0,17,1,38585,1.0,0,0,0,1,0,0,0,0,0,0,0,0,0,0,0,1,0,0
2017,2017-05-23,33301,1,東浜,180,23.0,0.0,2.5,6,1,0,18,1,38585,0.8630555915511209,0,0,0,0,0,1,0,0,0,0,1,0,0,0,0,0,0,0
2017,2017-05-24,31627,1,攝津,201,20.8,8.0,1.6,10,4,0,19,0,38585,0.819670856550473,0,0,0,0,0,0,1,0,0,0,1,0,0,0,0,0,0,0
2017,2017-05-25,34247,0,中田,201,22.1,0.0,2.2,7,12,0,20,1,38585,0.8875728910198264,0,0,0,0,1,0,0,0,0,0,1,0,0,0,0,0,0,0
2017,2017-05-30,32784,1,東浜,188,25.0,0.0,2.4,10,2,0,21,1,38585,0.8496566023065958,0,0,0,0,0,1,0,0,0,0,0,1,0,0,0,0,0,0
2017,2017-05-31,32278,1,石川,190,23.7,0.0,2.3,7,2,0,22,1,38585,0.8365426979396139,0,0,0,0,0,0,1,0,0,0,0,1,0,0,0,0,0,0
2017,2017-06-01,29034,0,中田,199,25.2,0.0,3.0,1,5,0,23,1,38585,0.7524685758714527,0,0,0,0,1,0,0,0,0,0,0,1,0,0,0,0,0,0
2017,2017-06-06,32475,1,東浜,200,22.4,0.5,2.2,2,1,0,24,0,38585,0.8416483089283401,0,0,0,0,0,1,0,0,0,1,0,0,0,0,0,0,0,0
2017,2017-06-07,32955,1,石川,162,21.0,12.0,4.1,4,1,0,25,0,38585,0.8540883763120384,0,0,0,0,0,0,1,0,0,1,0,0,0,0,0,0,0,0
2017,2017-06-08,32125,1,中田,208,21.5,0.0,3.3,15,0,0,26,1,38585,0.83257742646106,0,0,0,0,1,0,0,0,0,1,0,0,0,0,0,0,0,0
2017,2017-06-09,36491,1,バンデンハーク,168,22.5,0.0,2.7,3,0,0,27,1,38585,0.945730206038616,1,0,0,0,0,0,0,0,0,0,0,0,0,0,0,0,0,1
2017,2017-06-10,38585,0,松本裕,214,23.7,0.0,2.5,1,5,0,28,1,38585,1.0,0,0,1,0,0,0,0,0,0,0,0,0,0,0,0,0,0,1
2017,2017-06-11,38585,1,山田,222,21.6,4.5,3.0,5,2,0,29,0,38585,1.0,0,0,0,1,0,0,0,0,0,0,0,0,0,0,0,0,0,1
2017,2017-06-23,36637,1,東浜,170,25.2,0.0,1.9,10,0,0,30,1,38585,0.9495140598678243,1,0,0,0,0,0,0,0,0,0,0,0,0,0,0,0,1,0
2017,2017-06-24,37500,0,松本裕,213,23.8,80.5,1.9,2,3,0,31,0,38585,0.9718802643514319,0,0,1,0,0,0,0,0,0,0,0,0,0,0,0,0,1,0
2017,2017-06-25,37745,1,バンデンハーク,204,23.1,6.0,2.1,7,6,0,32,0,38585,0.9782298820785279,0,0,0,1,0,0,0,0,0,0,0,0,0,0,0,0,1,0
2017,2017-06-27,34004,1,石川,156,24.0,5.5,1.5,6,0,0,33,0,38585,0.8812751069068291,0,0,0,0,0,1,0,0,0,0,0,0,0,0,1,0,0,0
2017,2017-06-28,34708,1,武田,206,24.4,26.5,2.1,6,5,0,34,0,38585,0.8995205390695866,0,0,0,0,0,0,1,0,0,0,0,0,0,0,1,0,0,0
2017,2017-06-29,35386,1,松本裕,200,24.4,9.0,1.8,1,0,0,35,0,38585,0.9170921342490606,0,0,0,0,1,0,0,0,0,0,0,0,0,0,1,0,0,0
2017,2017-07-04,31265,1,石川,155,28.2,16.5,3.1,4,0,0,36,0,38585,0.8102889723986005,0,0,0,0,0,1,0,0,1,0,0,0,0,0,0,0,0,0
2017,2017-07-05,32773,1,武田,186,27.9,6.0,2.7,5,3,0,37,0,38585,0.8493715174290527,0,0,0,0,0,0,1,0,1,0,0,0,0,0,0,0,0,0
2017,2017-07-11,36140,0,石川,230,29.8,4.0,3.3,4,5,0,38,0,38585,0.9366334067642866,0,0,0,0,0,1,0,0,0,0,0,0,0,0,0,1,0,0
2017,2017-07-12,36497,0,松本裕,203,28.4,5.5,2.4,0,2,0,39,0,38585,0.9458857068809122,0,0,0,0,0,0,1,0,0,0,0,0,0,0,0,1,0,0
2017,2017-07-17,38585,1,東浜,171,30.6,0.0,3.2,3,1,1,40,1,38585,1.0,0,1,0,0,0,0,0,0,0,0,0,0,0,0,0,0,1,0
2017,2017-07-18,38585,1,バンデンハーク,194,29.6,5.0,2.7,3,1,0,41,0,38585,1.0,0,0,0,0,0,1,0,0,0,0,0,0,0,0,0,0,1,0
2017,2017-07-21,38585,1,千賀,207,30.7,0.0,2.6,2,1,0,42,1,38585,1.0,1,0,0,0,0,0,0,0,0,0,1,0,0,0,0,0,0,0
2017,2017-07-22,38585,1,武田,149,31.1,0.0,2.8,2,0,0,43,1,38585,1.0,0,0,1,0,0,0,0,0,0,0,1,0,0,0,0,0,0,0
2017,2017-07-23,38585,0,中田,198,30.9,0.0,2.6,1,3,0,44,1,38585,1.0,0,0,0,1,0,0,0,0,0,0,1,0,0,0,0,0,0,0
2017,2017-07-29,38585,1,千賀,152,29.5,0.0,3.2,4,0,0,45,1,38585,1.0,0,0,1,0,0,0,0,0,0,0,0,0,0,0,1,0,0,0
2017,2017-07-30,38585,1,武田,178,29.8,0.0,2.8,4,3,0,46,1,38585,1.0,0,0,0,1,0,0,0,0,0,0,0,0,0,0,1,0,0,0
2017,2017-08-12,38585,1,千賀,183,28.7,0.0,5.0,1,0,0,47,1,38585,1.0,0,0,1,0,0,0,0,0,0,0,0,0,0,0,1,0,0,0
2017,2017-08-13,38585,1,武田,198,28.4,0.0,3.1,3,2,0,48,1,38585,1.0,0,0,0,1,0,0,0,0,0,0,0,0,0,0,1,0,0,0
2017,2017-08-15,37865,1,バンデンハーク,188,28.1,7.0,1.8,5,3,0,49,0,38585,0.9813398989244525,0,0,0,0,0,1,0,0,1,0,0,0,0,0,0,0,0,0
2017,2017-08-16,37690,1,石川,173,28.7,15.0,2.7,2,1,0,50,0,38585,0.9768044576908125,0,0,0,0,0,0,1,0,1,0,0,0,0,0,0,0,0,0
2017,2017-08-22,38585,1,バンデンハーク,165,29.8,0.0,2.1,7,0,0,51,1,38585,1.0,0,0,0,0,0,1,0,0,0,0,0,0,0,0,0,0,1,0
2017,2017-08-23,37140,1,石川,135,30.9,0.0,2.3,9,0,0,52,1,38585,0.9625502138136581,0,0,0,0,0,0,1,0,0,0,0,0,0,0,0,0,1,0
2017,2017-08-24,36164,1,中田,164,31.4,0.0,3.4,10,1,0,53,1,38585,0.9372554101334716,0,0,0,0,1,0,0,0,0,0,0,0,0,0,0,0,1,0
2017,2017-08-25,35926,0,東浜,234,31.5,0.0,3.0,3,10,0,54,1,38585,0.9310872100557211,1,0,0,0,0,0,0,0,0,0,1,0,0,0,0,0,0,0
2017,2017-08-26,38585,0,千賀,221,27.1,26.5,2.4,3,6,0,55,0,38585,1.0,0,0,1,0,0,0,0,0,0,0,1,0,0,0,0,0,0,0
2017,2017-08-27,38585,1,和田,158,27.9,0.0,2.6,3,0,0,56,1,38585,1.0,0,0,0,1,0,0,0,0,0,0,1,0,0,0,0,0,0,0
2017,2017-09-01,38184,1,東浜,184,25.6,0.0,4.6,2,0,0,57,1,38585,0.9896073603732021,1,0,0,0,0,0,0,0,0,0,0,0,0,0,0,1,0,0
2017,2017-09-02,38585,1,千賀,172,25.2,0.0,4.8,3,1,0,58,1,38585,1.0,0,0,1,0,0,0,0,0,0,0,0,0,0,0,0,1,0,0
2017,2017-09-03,38585,1,和田,158,25.1,0.0,3.7,1,0,0,59,1,38585,1.0,0,0,0,1,0,0,0,0,0,0,0,0,0,0,0,1,0,0
2017,2017-09-13,37805,0,バンデンハーク,181,24.9,0.0,2.5,2,5,0,60,1,38585,0.9797848905014902,0,0,0,0,0,0,1,0,1,0,0,0,0,0,0,0,0,0
2017,2017-09-14,38585,1,中田,211,23.2,5.5,1.6,7,4,0,61,0,38585,1.0,0,0,0,0,1,0,0,0,1,0,0,0,0,0,0,0,0,0
2017,2017-09-23,38585,0,東浜,225,23.0,0.0,1.6,1,3,1,62,1,38585,1.0,0,0,1,0,0,0,0,0,0,0,0,0,0,0,0,1,0,0
2017,2017-09-24,38585,1,攝津,169,22.1,0.0,1.6,4,3,0,63,1,38585,1.0,0,0,0,1,0,0,0,0,0,0,0,0,0,0,0,1,0,0
2017,2017-09-25,32444,0,千賀,178,23.4,0.0,2.0,2,10,0,64,1,38585,0.8408448879098095,0,1,0,0,0,0,0,0,0,0,0,0,0,0,0,1,0,0
2017,2017-09-26,31589,0,和田,174,25.8,0.0,1.9,3,4,0,65,1,38585,0.8186860178825969,0,0,0,0,0,1,0,0,0,0,1,0,0,0,0,0,0,0
2017,2017-09-28,33154,1,武田,213,22.3,3.5,5.1,8,5,0,66,0,38585,0.8592458209148632,0,0,0,0,1,0,0,0,0,0,0,0,0,0,0,0,1,0
2017,2017-10-06,35805,1,千賀,234,20.2,59.0,2.3,4,3,0,67,0,38585,0.9279512764027472,1,0,0,0,0,0,0,0,1,0,0,0,0,0,0,0,0,0
2018,2018-03-30,38530,1,千賀,166,15.7,0.0,3.0,2,0,0,1,1,38530,1.0,1,0,0,0,0,0,0,0,1,0,0,0,0,0,0,0,0,0
2018,2018-03-31,38530,0,武田,209,15.9,0.0,2.0,4,8,0,2,1,38530,1.0,0,0,1,0,0,0,0,0,1,0,0,0,0,0,0,0,0,0
2018,2018-04-01,38325,1,中田,233,18.4,0.0,2.1,12,3,0,3,1,38530,0.9946794705424344,0,0,0,1,0,0,0,0,1,0,0,0,0,0,0,0,0,0
2018,2018-04-10,31774,0,東浜,209,18.7,0.0,3.4,1,4,0,4,1,38530,0.8246561121204257,0,0,0,0,0,1,0,0,0,0,0,0,0,0,1,0,0,0
2018,2018-04-11,32255,1,バンデンハーク,210,20.5,0.0,2.9,8,5,0,5,1,38530,0.8371398909940306,0,0,0,0,0,0,1,0,0,0,0,0,0,0,1,0,0,0
2018,2018-04-12,30861,1,石川,152,17.9,0.0,2.0,3,0,0,6,1,38530,0.800960290682585,0,0,0,0,1,0,0,0,0,0,0,0,0,0,1,0,0,0
2018,2018-04-17,31586,1,東浜,190,14.4,1.5,2.3,5,3,0,7,0,38530,0.8197767973008045,0,0,0,0,0,1,0,0,0,0,0,0,0,0,0,1,0,0
2018,2018-04-18,32491,1,バンデンハーク,181,15.2,0.0,2.4,5,2,0,8,1,38530,0.843264988320789,0,0,0,0,0,0,1,0,0,0,0,0,0,0,0,1,0,0
2018,2018-04-19,31931,0,石川,146,16.3,0.0,2.4,1,3,0,9,1,38530,0.8287308590708539,0,0,0,0,1,0,0,0,0,0,0,0,0,0,0,1,0,0
2018,2018-04-25,37921,0,バンデンハーク,221,14.0,0.0,5.6,6,12,0,10,1,38530,0.9841941344406956,0,0,0,0,0,0,1,0,0,0,0,0,0,0,0,0,1,0
2018,2018-04-26,36219,1,石川,147,14.6,0.0,2.1,4,1,0,11,1,38530,0.9400207630417856,0,0,0,0,1,0,0,0,0,0,0,0,0,0,0,0,1,0
2018,2018-05-04,38530,0,東浜,203,17.0,0.0,4.4,4,5,1,12,1,38530,1.0,1,0,0,0,0,0,0,0,1,0,0,0,0,0,0,0,0,0
2018,2018-05-05,38530,1,武田,155,19.3,0.0,2.4,3,0,1,13,1,38530,1.0,0,0,1,0,0,0,0,0,1,0,0,0,0,0,0,0,0,0
2018,2018-05-06,38530,0,中田,199,18.2,28.0,2.7,2,5,0,14,0,38530,1.0,0,0,0,1,0,0,0,0,1,0,0,0,0,0,0,0,0,0
2018,2018-05-11,37562,0,東浜,249,19.0,0.0,2.4,4,5,0,15,1,38530,0.9748767194393979,1,0,0,0,0,0,0,0,0,0,0,0,0,0,1,0,0,0
2018,2018-05-12,38530,0,バンデンハーク,206,21.5,0.0,2.7,3,5,0,16,1,38530,1.0,0,0,1,0,0,0,0,0,0,0,0,0,0,0,1,0,0,0
2018,2018-05-13,38530,1,武田,160,20.5,18.0,2.1,8,0,0,17,0,38530,1.0,0,0,0,1,0,0,0,0,0,0,0,0,0,0,1,0,0,0
2018,2018-05-22,38489,1,攝津,192,23.0,0.0,2.7,5,3,0,18,1,38530,0.9989358941084869,0,0,0,0,0,1,0,0,0,0,0,0,0,0,0,0,1,0
2018,2018-05-23,36717,0,石川,189,20.8,4.0,3.1,1,2,0,19,0,38530,0.952945756553335,0,0,0,0,0,0,1,0,0,0,0,0,0,0,0,0,1,0
2018,2018-05-24,37067,0,中田,226,21.1,0.0,2.6,5,12,0,20,1,38530,0.9620295873345445,0,0,0,0,1,0,0,0,0,0,0,0,0,0,0,0,1,0
2018,2018-05-25,36011,0,東浜,206,23.0,0.0,2.3,4,6,0,21,1,38530,0.934622372177524,1,0,0,0,0,0,0,0,0,0,0,0,0,0,0,1,0,0
2018,2018-05-26,34721,1,バンデンハーク,193,22.3,4.0,2.5,4,3,0,22,0,38530,0.9011419672982092,0,0,1,0,0,0,0,0,0,0,0,0,0,0,0,1,0,0
2018,2018-05-27,35020,0,武田,186,22.7,0.0,2.1,4,8,0,23,1,38530,0.9089021541655853,0,0,0,1,0,0,0,0,0,0,0,0,0,0,0,1,0,0
2018,2018-06-01,37011,1,千賀,159,21.5,0.0,3.1,6,2,0,24,1,38530,0.960576174409551,1,0,0,0,0,0,0,1,0,0,0,0,0,0,0,0,0,0
2018,2018-06-02,35705,1,バンデンハーク,212,23.3,0.0,2.2,5,4,0,25,1,38530,0.9266805086945238,0,0,1,0,0,0,0,1,0,0,0,0,0,0,0,0,0,0
2018,2018-06-03,36640,1,武田,213,23.6,0.0,2.2,7,5,0,26,1,38530,0.950947313781469,0,0,0,1,0,0,0,1,0,0,0,0,0,0,0,0,0,0
2018,2018-06-12,36828,0,武田,188,20.4,1.0,3.8,2,8,0,27,0,38530,0.95582662860109,0,0,0,0,0,1,0,0,0,0,0,0,1,0,0,0,0,0
2018,2018-06-13,36780,1,攝津,179,21.2,0.0,3.7,4,2,0,28,1,38530,0.9545808460939528,0,0,0,0,0,0,1,0,0,0,0,0,1,0,0,0,0,0
2018,2018-06-14,36289,0,石川,197,22.4,0.0,1.7,4,6,0,29,1,38530,0.9418375291980275,0,0,0,0,1,0,0,0,0,0,0,0,1,0,0,0,0,0
2018,2018-06-15,36697,1,千賀,190,22.5,0.0,5.0,8,0,0,30,1,38530,0.9524266805086945,1,0,0,0,0,0,0,0,0,0,0,0,0,1,0,0,0,0
2018,2018-06-16,38530,1,バンデンハーク,175,22.1,0.0,3.9,6,2,0,31,1,38530,1.0,0,0,1,0,0,0,0,0,0,0,0,0,0,1,0,0,0,0
2018,2018-06-17,38530,0,中田,194,25.3,0.0,2.3,4,13,0,32,1,38530,1.0,0,0,0,1,0,0,0,0,0,0,0,0,0,1,0,0,0,0
2018,2018-06-29,38530,1,中田,219,25.4,66.0,2.8,6,5,0,33,0,38530,1.0,1,0,0,0,0,0,0,0,0,0,1,0,0,0,0,0,0,0
2018,2018-06-30,37986,0,石川,194,24.8,39.0,2.1,2,5,0,34,0,38530,0.9858811315857773,0,0,1,0,0,0,0,0,0,0,1,0,0,0,0,0,0,0
2018,2018-07-01,38027,0,バンデンハーク,206,29.3,0.0,2.7,1,4,0,35,1,38530,0.9869452374772905,0,0,0,1,0,0,0,0,0,0,1,0,0,0,0,0,0,0
2018,2018-07-16,38530,1,千賀,190,29.9,0.0,2.5,16,4,1,36,1,38530,1.0,0,1,0,0,0,0,0,0,0,0,0,0,0,0,0,0,1,0
2018,2018-07-17,38530,1,石川,180,29.8,0.0,2.3,6,1,0,37,1,38530,1.0,0,0,0,0,0,1,0,0,0,0,0,0,0,0,0,0,1,0
2018,2018-07-26,37598,1,石川,215,31.0,0.0,2.6,6,5,0,38,1,38530,0.9758110563197508,0,0,0,0,1,0,0,0,0,0,1,0,0,0,0,0,0,0
2018,2018-07-27,38530,0,バンデンハーク,265,30.5,0.0,3.0,5,6,0,39,1,38530,1.0,1,0,0,0,0,0,0,0,0,0,0,0,0,0,0,1,0,0
2018,2018-07-28,38530,0,攝津,178,29.6,0.0,5.1,1,7,0,40,1,38530,1.0,0,0,1,0,0,0,0,0,0,0,0,0,0,0,0,1,0,0
2018,2018-07-29,38530,1,武田,173,27.2,34.0,5.5,4,0,0,41,0,38530,1.0,0,0,0,1,0,0,0,0,0,0,0,0,0,0,0,1,0,0
2018,2018-08-03,33546,1,バンデンハーク,187,30.8,0.0,2.6,5,3,0,42,1,38530,0.8706462496755775,1,0,0,0,0,0,0,0,1,0,0,0,0,0,0,0,0,0
2018,2018-08-04,33484,0,松本裕,242,30.6,0.0,2.5,2,3,0,43,1,38530,0.8690371139371919,0,0,1,0,0,0,0,0,1,0,0,0,0,0,0,0,0,0
2018,2018-08-05,33456,0,武田,197,30.6,0.0,2.7,4,6,0,44,1,38530,0.868310407474695,0,0,0,1,0,0,0,0,1,0,0,0,0,0,0,0,0,0
2018,2018-08-10,35816,1,千賀,188,28.9,0.0,2.7,5,0,0,45,1,38530,0.9295613807422788,1,0,0,0,0,0,0,0,0,0,0,0,0,0,1,0,0,0
2018,2018-08-11,37643,0,大竹,201,31.0,0.0,2.1,1,3,1,46,1,38530,0.976978977420192,0,0,1,0,0,0,0,0,0,0,0,0,0,0,1,0,0,0
2018,2018-08-12,37954,1,松本裕,201,31.9,3.0,2.5,11,5,0,47,0,38530,0.9850506099143524,0,0,0,1,0,0,0,0,0,0,0,0,0,0,1,0,0,0
2018,2018-08-14,37213,1,東浜,178,32.1,0.0,2.7,2,1,0,48,1,38530,0.9658188424604205,0,0,0,0,0,1,0,0,0,0,0,0,0,0,0,1,0,0
2018,2018-08-15,34778,1,バンデンハーク,203,29.5,3.5,2.7,6,3,0,49,0,38530,0.9026213340254348,0,0,0,0,0,0,1,0,0,0,0,0,0,0,0,1,0,0
2018,2018-08-16,34032,0,武田,186,29.8,0.0,2.7,2,3,0,50,1,38530,0.8832597975603426,0,0,0,0,1,0,0,0,0,0,0,0,0,0,0,1,0,0
2018,2018-08-24,36670,1,千賀,169,30.6,0.0,4.3,3,2,0,51,1,38530,0.9517259278484298,1,0,0,0,0,0,0,0,0,0,0,0,0,0,0,0,1,0
2018,2018-08-25,37681,1,ミランダ,167,30.0,1.5,2.5,5,1,0,52,0,38530,0.9779652219050091,0,0,1,0,0,0,0,0,0,0,0,0,0,0,0,0,1,0
2018,2018-08-26,38530,1,大竹,288,30.7,0.0,2.8,12,8,0,53,1,38530,1.0,0,0,0,1,0,0,0,0,0,0,0,0,0,0,0,0,1,0
2018,2018-08-28,36487,0,東浜,217,29.5,0.0,2.5,1,2,0,54,1,38530,0.9469763820399688,0,0,0,0,0,1,0,0,0,0,1,0,0,0,0,0,0,0
2018,2018-08-29,35365,1,松本裕,182,30.0,0.0,2.3,7,0,0,55,1,38530,0.9178562159356346,0,0,0,0,0,0,1,0,0,0,1,0,0,0,0,0,0,0
2018,2018-09-07,38530,0,千賀,152,25.8,16.0,2.3,1,3,0,56,0,38530,1.0,1,0,0,0,0,0,0,0,1,0,0,0,0,0,0,0,0,0
2018,2018-09-08,37196,1,ミランダ,202,21.8,12.5,1.7,12,0,0,57,0,38530,0.965377627822476,0,0,1,0,0,0,0,0,1,0,0,0,0,0,0,0,0,0
2018,2018-09-09,38045,1,バンデンハーク,212,22.8,7.5,2.4,1,0,0,58,0,38530,0.9874124059174669,0,0,0,1,0,0,0,0,1,0,0,0,0,0,0,0,0,0
2018,2018-09-22,35958,1,千賀,193,24.9,3.5,3.0,6,4,0,59,0,38530,0.9332468206592266,0,0,1,0,0,0,0,0,1,0,0,0,0,0,0,0,0,0
2018,2018-09-23,38530,1,ミランダ,191,24.4,0.0,1.4,2,0,1,60,1,38530,1.0,0,0,0,1,0,0,0,0,0,0,0,0,0,0,1,0,0,0
2018,2018-09-24,37801,1,大竹,172,23.2,0.0,2.2,2,1,1,61,1,38530,0.9810796781728524,0,1,0,0,0,0,0,0,0,0,0,0,0,0,1,0,0,0
2018,2018-09-30,33047,0,大竹,181,20.5,40.0,5.6,1,9,0,62,0,38530,0.857695302361796,0,0,0,1,0,0,0,0,0,0,1,0,0,0,0,0,0,0
2018,2018-10-01,31265,0,松本裕,176,21.0,0.0,3.4,1,6,0,63,1,38530,0.8114456267843239,0,1,0,0,0,0,0,0,0,0,1,0,0,0,0,0,0,0
2018,2018-10-02,30814,1,東浜,164,20.0,0.0,2.0,4,2,0,64,1,38530,0.7997404619776798,0,0,0,0,0,1,0,0,0,0,1,0,0,0,0,0,0,0
2018,2018-10-03,33565,1,高橋礼,208,20.3,0.0,2.5,10,2,0,65,1,38530,0.871139371917986,0,0,0,0,0,0,1,0,0,0,1,0,0,0,0,0,0,0
2018,2018-10-06,38530,1,高橋礼,197,25.5,4.5,7.1,8,3,0,66,0,38530,1.0,0,0,1,0,0,0,0,0,0,0,0,0,0,0,0,0,1,0
2019,2019-03-29,40178,1,千賀,255,16.0,0.0,2.0,5,4,0,1,1,40178,1.0,1,0,0,0,0,0,0,0,0,0,0,0,0,0,0,0,1,0
2019,2019-03-30,38966,1,ミランダ,214,15.8,0.0,3.4,6,5,0,2,1,40178,0.9698342376424909,0,0,1,0,0,0,0,0,0,0,0,0,0,0,0,0,1,0
2019,2019-03-31,37875,1,高橋礼,168,10.5,0.0,4.7,3,1,0,3,1,40178,0.9426800736721589,0,0,0,1,0,0,0,0,0,0,0,0,0,0,0,0,1,0
2019,2019-04-05,35185,0,千賀,254,15.2,0.0,2.1,3,7,0,4,1,40178,0.875728010353925,1,0,0,0,0,0,0,0,0,0,1,0,0,0,0,0,0,0
2019,2019-04-06,35007,0,ミランダ,193,16.0,0.0,2.3,3,7,0,5,1,40178,0.8712977251232018,0,0,1,0,0,0,0,0,0,0,1,0,0,0,0,0,0,0
2019,2019-04-07,40112,1,高橋礼,176,16.4,6.0,2.6,11,1,0,6,0,40178,0.9983573099706307,0,0,0,1,0,0,0,0,0,0,1,0,0,0,0,0,0,0
2019,2019-04-10,36797,0,大竹,247,14.0,10.0,5.1,2,3,0,7,0,40178,0.9158494698591269,0,0,0,0,0,0,1,0,0,0,0,0,0,0,1,0,0,0
2019,2019-04-11,37694,1,武田,193,12.4,0.0,4.2,5,2,0,8,1,40178,0.9381751207128279,0,0,0,0,1,0,0,0,0,0,0,0,0,0,1,0,0,0
2019,2019-04-24,37954,0,武田,187,20.8,0.0,3.2,2,3,0,9,1,40178,0.9446463238588282,0,0,0,0,0,0,1,0,1,0,0,0,0,0,0,0,0,0
2019,2019-04-25,36882,1,大竹,194,17.7,0.5,2.8,3,0,0,10,0,40178,0.9179650555030116,0,0,0,0,1,0,0,0,1,0,0,0,0,0,0,0,0,0
2019,2019-05-01,40178,0,武田,220,16.6,0.0,2.5,0,9,1,11,1,40178,1.0,0,0,0,0,0,0,1,0,0,0,0,0,0,0,0,1,0,0
2019,2019-05-02,39732,1,大竹,188,17.9,0.0,2.4,1,0,1,12,1,40178,0.9888993976803225,0,0,0,0,1,0,0,0,0,0,0,0,0,0,0,1,0,0
2019,2019-05-03,39486,1,武田,295,18.3,0.0,2.6,12,11,1,13,1,40178,0.9827766439344915,1,0,0,0,0,0,0,0,0,0,0,0,0,0,0,1,0,0
2019,2019-05-04,39131,1,千賀,203,19.3,0.0,1.9,4,0,1,14,1,40178,0.9739409627159141,0,0,1,0,0,0,0,0,1,0,0,0,0,0,0,0,0,0
2019,2019-05-05,38049,1,ミランダ,161,20.7,0.0,2.1,7,2,1,15,1,40178,0.9470108019314053,0,0,0,1,0,0,0,0,1,0,0,0,0,0,0,0,0,0
2019,2019-05-06,39216,1,東浜,185,18.8,0.0,3.5,9,6,1,16,1,40178,0.9760565483597989,0,1,0,0,0,0,0,0,1,0,0,0,0,0,0,0,0,0
2019,2019-05-10,34489,0,武田,181,19.7,0.0,2.3,1,9,0,17,1,40178,0.8584050973169396,1,0,0,0,0,0,0,0,0,0,1,0,0,0,0,0,0,0
2019,2019-05-11,40178,1,千賀,208,20.5,0.0,2.2,4,2,0,18,1,40178,1.0,0,0,1,0,0,0,0,0,0,0,1,0,0,0,0,0,0,0
2019,2019-05-12,40178,0,ミランダ,230,20.3,0.0,2.3,4,5,0,19,1,40178,1.0,0,0,0,1,0,0,0,0,0,0,1,0,0,0,0,0,0,0
2019,2019-05-15,39066,0,大竹,215,24.1,0.0,2.4,4,5,0,20,1,40178,0.9723231619294141,0,0,0,0,0,0,1,0,0,0,0,0,0,0,0,0,1,0
2019,2019-05-16,38282,1,高橋礼,144,23.7,0.0,2.7,5,1,0,21,1,40178,0.9528099955199363,0,0,0,0,1,0,0,0,0,0,0,0,0,0,0,0,1,0
2019,2019-05-31,39280,0,千賀,197,19.9,4.5,1.9,1,3,0,22,0,40178,0.9776494599034298,1,0,0,0,0,0,0,0,0,0,0,0,0,0,0,1,0,0
2019,2019-06-01,36689,0,高橋礼,198,21.8,0.0,2.2,5,6,0,23,1,40178,0.9131614316292498,0,0,1,0,0,0,0,0,0,0,0,0,0,0,0,1,0,0
2019,2019-06-02,38142,0,スアレス,217,22.8,0.0,1.6,1,4,0,24,1,40178,0.9493255015182438,0,0,0,1,0,0,0,0,0,0,0,0,0,0,0,1,0,0
2019,2019-06-04,36546,1,バンデンハーク,178,24.9,0.0,2.2,6,4,0,25,1,40178,0.9096022698989497,0,0,0,0,0,1,0,0,0,0,0,1,0,0,0,0,0,0
2019,2019-06-05,37424,1,和田,163,25.3,0.0,2.4,5,2,0,26,1,40178,0.9314550251381353,0,0,0,0,0,0,1,0,0,0,0,1,0,0,0,0,0,0
2019,2019-06-06,36241,1,大竹,184,25.1,5.5,3.0,6,4,0,27,0,40178,0.9020110508238339,0,0,0,0,1,0,0,0,0,0,0,1,0,0,0,0,0,0
2019,2019-06-11,34423,1,ミランダ,282,21.1,0.0,5.0,2,2,0,28,1,40178,0.8567624072875704,0,0,0,0,0,1,0,0,0,0,0,0,0,0,0,0,0,1
2019,2019-06-12,35622,0,和田,198,21.2,0.0,4.3,2,8,0,29,1,40178,0.8866046094877794,0,0,0,0,0,0,1,0,0,0,0,0,0,0,0,0,0,1
2019,2019-06-13,34591,1,大竹,146,22.6,0.0,2.5,3,0,0,30,1,40178,0.8609438000896013,0,0,0,0,1,0,0,0,0,0,0,0,0,0,0,0,0,1
2019,2019-06-14,36453,0,千賀,212,22.6,8.0,2.5,4,5,0,31,0,40178,0.9072875703121112,1,0,0,0,0,0,0,1,0,0,0,0,0,0,0,0,0,0
2019,2019-06-15,40178,1,高橋礼,193,20.2,37.5,4.5,4,3,0,32,0,40178,1.0,0,0,1,0,0,0,0,1,0,0,0,0,0,0,0,0,0,0
2019,2019-06-16,39753,1,二保,226,21.7,0.0,3.5,2,2,0,33,1,40178,0.9894220717805764,0,0,0,1,0,0,0,1,0,0,0,0,0,0,0,0,0,0
2019,2019-07-02,34232,1,高橋礼,191,23.3,5.0,1.5,8,6,0,34,0,40178,0.852008561899547,0,0,0,0,0,1,0,0,0,0,0,0,0,0,0,1,0,0
2019,2019-07-03,33291,1,和田,185,23.3,8.5,1.5,4,1,0,35,0,40178,0.8285877843595998,0,0,0,0,0,0,1,0,0,0,0,0,0,0,0,1,0,0
2019,2019-07-04,34374,1,千賀,215,24.6,0.5,2.5,6,3,0,36,0,40178,0.855542834386978,0,0,0,0,1,0,0,0,0,0,0,0,0,0,0,1,0,0
2019,2019-07-09,36972,1,高橋礼,179,24.4,2.0,2.4,3,2,0,37,0,40178,0.9202050873612425,0,0,0,0,0,1,0,0,0,0,0,0,0,0,0,0,1,0
2019,2019-07-10,38055,0,和田,217,25.2,10.5,3.0,3,7,0,38,0,40178,0.9471601373886206,0,0,0,0,0,0,1,0,0,0,0,0,0,0,0,0,1,0
2019,2019-07-15,38227,0,大竹,201,24.7,0.0,3.6,1,5,1,39,1,40178,0.9514410871621285,0,1,0,0,0,0,0,0,0,0,0,0,0,0,1,0,0,0
2019,2019-07-16,36726,0,二保,183,25.2,0.0,2.5,2,3,0,40,1,40178,0.9140823336154115,0,0,0,0,0,1,0,0,0,0,0,0,0,0,1,0,0,0
2019,2019-07-23,39190,1,高橋礼,195,28.4,0.5,2.1,11,7,0,41,0,40178,0.9754094280451988,0,0,0,0,0,1,0,0,0,0,1,0,0,0,0,0,0,0
2019,2019-07-24,39829,1,松本,222,29.5,0.0,2.5,5,4,0,42,1,40178,0.991313654238638,0,0,0,0,0,0,1,0,0,0,1,0,0,0,0,0,0,0
2019,2019-07-25,39147,0,大竹,210,29.6,0.0,2.3,4,7,0,43,1,40178,0.974339190601822,0,0,0,0,1,0,0,0,0,0,1,0,0,0,0,0,0,0
2019,2019-07-26,40178,0,千賀,177,29.7,0.0,2.8,2,6,0,44,1,40178,1.0,1,0,0,0,0,0,0,0,1,0,0,0,0,0,0,0,0,0
2019,2019-07-27,40178,0,二保,170,29.9,0.0,2.2,3,5,0,45,1,40178,1.0,0,0,1,0,0,0,0,0,1,0,0,0,0,0,0,0,0,0
2019,2019-07-28,40178,1,ミランダ,180,30.4,0.0,2.4,9,2,0,46,1,40178,1.0,0,0,0,1,0,0,0,0,1,0,0,0,0,0,0,0,0,0
2019,2019-08-10,40178,1,千賀,226,30.9,0.0,2.6,8,4,0,47,1,40178,1.0,0,0,1,0,0,0,0,0,0,0,0,0,0,0,1,0,0,0
2019,2019-08-11,40178,1,ミランダ,237,31.4,0.0,2.9,2,0,1,48,1,40178,1.0,0,0,0,1,0,0,0,0,0,0,0,0,0,0,1,0,0,0
2019,2019-08-12,40178,1,和田,212,31.4,0.0,2.9,6,3,1,49,1,40178,1.0,0,1,0,0,0,0,0,0,0,0,0,0,0,0,1,0,0,0
2019,2019-08-17,40178,0,千賀,225,28.6,0.0,2.5,8,13,0,50,1,40178,1.0,0,0,1,0,0,0,0,0,0,0,0,0,0,0,0,0,1,0
2019,2019-08-18,40178,1,ミランダ,243,27.7,0.0,1.5,5,4,0,51,1,40178,1.0,0,0,0,1,0,0,0,0,0,0,0,0,0,0,0,0,1,0
2019,2019-08-21,39553,0,高橋礼,199,29.2,0.5,2.2,4,14,0,52,0,40178,0.9844442232067301,0,0,0,0,0,0,1,0,1,0,0,0,0,0,0,0,0,0
2019,2019-08-22,38293,1,和田,173,29.1,5.0,3.0,5,1,0,53,0,40178,0.9530837771914978,0,0,0,0,1,0,0,0,1,0,0,0,0,0,0,0,0,0
2019,2019-09-03,35500,1,高橋礼,176,27.5,0.5,2.4,3,2,0,54,0,40178,0.883568121857733,0,0,0,0,0,1,0,0,0,0,0,0,0,0,0,1,0,0
2019,2019-09-04,36543,1,ミランダ,166,27.2,0.0,2.0,5,1,0,55,1,40178,0.909527602170342,0,0,0,0,0,0,1,0,0,0,0,0,0,0,0,1,0,0
2019,2019-09-05,35805,1,中田,202,28.4,1.0,2.2,3,2,0,56,0,40178,0.8911593409328489,0,0,0,0,1,0,0,0,0,0,0,0,0,0,0,1,0,0
2019,2019-09-06,37520,1,千賀,159,29.8,0.0,3.2,2,0,0,57,1,40178,0.9338443924535815,1,0,0,0,0,0,0,0,0,0,1,0,0,0,0,0,0,0
2019,2019-09-07,40178,0,和田,196,29.3,0.0,4.2,0,4,0,58,1,40178,1.0,0,0,1,0,0,0,0,0,0,0,1,0,0,0,0,0,0,0
2019,2019-09-08,40178,1,武田,215,28.9,0.5,2.6,9,6,0,59,0,40178,1.0,0,0,0,1,0,0,0,0,0,0,1,0,0,0,0,0,0,0
2019,2019-09-09,38280,0,松田遼,227,30.0,0.0,2.3,6,11,0,60,1,40178,0.9527602170341978,0,1,0,0,0,0,0,0,0,0,1,0,0,0,0,0,0,0
2019,2019-09-18,38068,0,高橋礼,242,25.5,0.0,4.2,2,6,0,61,1,40178,0.9474836975459207,0,0,0,0,0,0,1,0,0,0,0,0,0,0,0,1,0,0
2019,2019-09-19,37842,1,千賀,212,24.0,0.0,4.4,4,3,0,62,1,40178,0.9418587286574742,0,0,0,0,1,0,0,0,1,0,0,0,0,0,0,0,0,0
2019,2019-09-20,37768,1,バンデンハーク,168,19.9,7.0,2.2,1,0,0,63,0,40178,0.9400169246851511,1,0,0,0,0,0,0,0,0,0,0,0,0,0,1,0,0,0
2019,2019-09-21,40178,0,二保,206,22.5,0.0,2.2,1,8,0,64,1,40178,1.0,0,0,1,0,0,0,0,0,0,0,0,0,0,0,1,0,0,0
2020,2020-06-19,0,1,東浜,227,21.7,34.0,4.7,2,1,0,1,0,40122,0.0,1,0,0,0,0,0,0,0,0,0,1,0,0,0,0,0,0,0
2020,2020-06-20,0,0,和田,198,22.5,0.0,3.2,2,3,0,2,1,40122,0.0,0,0,1,0,0,0,0,0,0,0,1,0,0,0,0,0,0,0
2020,2020-06-21,0,0,二保,215,23.7,0.0,1.6,1,5,0,3,1,40122,0.0,0,0,0,1,0,0,0,0,0,0,1,0,0,0,0,0,0,0
2020,2020-07-07,0,1,千賀,171,23.1,167.0,2.1,4,3,0,4,0,40122,0.0,0,0,0,0,0,1,0,0,0,0,0,0,0,0,0,1,0,0
2020,2020-07-08,0,0,笠谷,244,24.4,11.0,2.1,8,12,0,5,0,40122,0.0,0,0,0,0,0,0,1,0,0,0,0,0,0,0,0,1,0,0
2020,2020-07-09,0,0,バンデンハーク,186,24.7,44.0,2.7,1,9,0,6,0,40122,0.0,0,0,0,0,1,0,0,0,0,0,0,0,0,0,0,1,0,0
2020,2020-07-10,1839,1,東浜,204,25.2,25.0,3.9,2,1,0,7,0,40122,0.04583520263197249,1,0,0,0,0,0,0,0,0,0,0,0,0,0,0,1,0,0
2020,2020-07-11,3419,1,二保,183,25.5,0.0,2.7,8,4,0,8,1,40122,0.08521509396341159,0,0,1,0,0,0,0,0,0,0,0,0,0,0,0,1,0,0
2020,2020-07-12,4873,1,石川,148,23.3,8.0,1.8,6,1,0,9,0,40122,0.12145456358107772,0,0,0,1,0,0,0,0,0,0,0,0,0,0,0,1,0,0
2020,2020-07-21,3760,0,千賀,205,28.7,0.5,2.6,1,2,0,10,0,40122,0.09371417177608295,0,0,0,0,0,1,0,0,0,0,0,0,0,0,1,0,0,0
2020,2020-07-22,3961,1,和田,207,28.2,7.0,2.1,3,2,0,11,0,40122,0.09872389212900654,0,0,0,0,0,0,1,0,0,0,0,0,0,0,1,0,0,0
2020,2020-07-23,4645,0,笠谷,173,26.6,5.5,2.7,2,3,1,12,0,40122,0.11577189571805992,0,0,0,0,1,0,0,0,0,0,0,0,0,0,1,0,0,0
2020,2020-07-24,4872,1,東浜,184,26.6,46.5,3.4,4,1,1,13,0,40122,0.12142963959922237,1,0,0,0,0,0,0,0,0,0,0,0,0,0,1,0,0,0
2020,2020-07-25,4978,0,石川,210,25.5,0.0,3.3,7,9,0,14,1,40122,0.12407158167588854,0,0,1,0,0,0,0,0,0,0,0,0,0,0,1,0,0,0
2020,2020-07-26,4962,1,二保,209,25.8,48.0,2.6,6,1,0,15,0,40122,0.12367279796620308,0,0,0,1,0,0,0,0,0,0,0,0,0,0,1,0,0,0
2020,2020-07-28,4215,1,千賀,195,27.2,6.0,2.3,9,4,0,16,0,40122,0.1050545835202632,0,0,0,0,0,1,0,0,0,0,0,0,0,0,0,0,1,0
2020,2020-07-29,4194,1,和田,168,27.0,63.5,1.7,4,2,0,17,0,40122,0.10453117990130104,0,0,0,0,0,0,1,0,0,0,0,0,0,0,0,0,1,0
2020,2020-07-30,4319,0,板東,183,28.5,0.0,2.5,0,6,0,18,1,40122,0.10764667763321868,0,0,0,0,1,0,0,0,0,0,0,0,0,0,0,0,1,0
2020,2020-07-31,4647,1,東浜,168,28.7,0.0,2.5,5,4,0,19,1,40122,0.1158217436817706,1,0,0,0,0,0,0,0,0,0,0,0,0,0,0,0,1,0
2020,2020-08-01,4984,1,石川,141,28.6,0.0,2.5,4,0,0,20,1,40122,0.12422112556702058,0,0,1,0,0,0,0,0,0,0,0,0,0,0,0,0,1,0
2020,2020-08-11,4980,1,千賀,228,27.8,43.0,2.4,8,7,0,21,0,40122,0.12412142963959923,0,0,0,0,0,1,0,0,1,0,0,0,0,0,0,0,0,0
2020,2020-08-12,4951,1,和田,180,30.9,0.0,2.7,6,0,0,22,1,40122,0.12339863416579433,0,0,0,0,0,0,1,0,1,0,0,0,0,0,0,0,0,0
2020,2020-08-13,4983,1,大竹,185,31.0,0.0,2.4,3,1,0,23,1,40122,0.12419620158516524,0,0,0,0,1,0,0,0,1,0,0,0,0,0,0,0,0,0
2020,2020-08-14,4983,1,東浜,178,32.0,0.0,2.5,4,1,0,24,1,40122,0.12419620158516524,1,0,0,0,0,0,0,0,1,0,0,0,0,0,0,0,0,0
2020,2020-08-15,4992,0,二保,223,31.2,0.0,2.6,2,8,0,25,1,40122,0.12442051742186332,0,0,1,0,0,0,0,0,1,0,0,0,0,0,0,0,0,0
2020,2020-08-16,4994,1,石川,199,30.6,0.0,2.6,6,2,0,26,1,40122,0.124470365385574,0,0,0,1,0,0,0,0,1,0,0,0,0,0,0,0,0,0
2020,2020-08-25,4914,1,千賀,179,32.3,0.0,3.0,4,0,0,27,1,40122,0.1224764468371467,0,0,0,0,0,1,0,0,1,0,0,0,0,0,0,0,0,0
2020,2020-08-26,4923,1,和田,196,30.8,0.0,4.0,4,3,0,28,1,40122,0.12270076267384478,0,0,0,0,0,0,1,0,1,0,0,0,0,0,0,0,0,0
2020,2020-08-27,4807,1,笠谷,159,29.7,0.0,3.9,4,2,0,29,1,40122,0.11980958077862519,0,0,0,0,1,0,0,0,1,0,0,0,0,0,0,0,0,0
2020,2020-08-28,4923,1,武田,210,29.7,0.0,2.9,9,1,0,30,1,40122,0.12270076267384478,1,0,0,0,0,0,0,0,0,0,0,0,0,0,1,0,0,0
2020,2020-08-29,4996,1,ムーア,203,30.8,0.0,2.9,3,0,0,31,1,40122,0.12452021334928468,0,0,1,0,0,0,0,0,0,0,0,0,0,0,1,0,0,0
2020,2020-08-30,4993,1,石川,208,30.9,0.0,3.0,8,5,0,32,1,40122,0.12444544140371866,0,0,0,1,0,0,0,0,0,0,0,0,0,0,1,0,0,0
2020,2020-09-04,4907,0,ムーア,221,27.0,0.0,2.6,3,4,0,33,1,40122,0.12230197896415931,1,0,0,0,0,0,0,0,0,0,1,0,0,0,0,0,0,0
2020,2020-09-05,4986,0,武田,220,25.2,12.0,3.3,4,5,0,34,0,40122,0.12427097353073127,0,0,1,0,0,0,0,0,0,0,1,0,0,0,0,0,0,0
2020,2020-09-06,4195,0,石川,189,26.1,8.0,3.8,2,4,0,35,0,40122,0.10455610388315638,0,0,0,1,0,0,0,0,0,0,1,0,0,0,0,0,0,0
2020,2020-09-11,4985,1,ムーア,141,25.3,28.5,2.0,4,2,0,36,0,40122,0.12424604954887593,1,0,0,0,0,0,0,0,0,0,0,0,0,0,0,0,1,0
2020,2020-09-12,4988,1,武田,190,23.6,82.5,3.1,8,4,0,37,0,40122,0.12432082149444196,0,0,1,0,0,0,0,0,0,0,0,0,0,0,0,0,1,0
2020,2020-09-13,4983,0,石川,173,23.8,0.0,4.1,0,1,0,38,1,40122,0.12419620158516524,0,0,0,1,0,0,0,0,0,0,0,0,0,0,0,0,1,0
2020,2020-09-18,4988,1,ムーア,242,21.2,29.5,2.4,9,3,0,39,0,40122,0.12432082149444196,1,0,0,0,0,0,0,0,0,0,0,0,0,0,0,1,0,0
2020,2020-09-19,11937,0,笠谷,225,22.1,0.0,1.9,1,3,0,40,1,40122,0.297517571407208,0,0,1,0,0,0,0,0,0,0,0,0,0,0,0,1,0,0
2020,2020-09-20,11972,0,石川,168,22.0,0.0,2.6,2,3,0,41,1,40122,0.29838991077214494,0,0,0,1,0,0,0,0,0,0,0,0,0,0,0,1,0,0
2020,2020-09-22,19909,0,千賀,171,22.2,0.0,2.6,0,1,1,42,1,40122,0.4962115547579881,0,0,0,0,0,1,0,0,1,0,0,0,0,0,0,0,0,0
2020,2020-09-23,18221,0,武田,258,23.6,0.0,2.9,5,10,0,43,1,40122,0.4541398733861722,0,0,0,0,0,0,1,0,1,0,0,0,0,0,0,0,0,0
2020,2020-09-24,18542,1,和田,219,22.0,21.0,1.9,3,3,0,44,0,40122,0.4621404715617367,0,0,0,0,1,0,0,0,1,0,0,0,0,0,0,0,0,0
2020,2020-10-02,13648,1,ムーア,212,22.7,0.0,2.2,7,5,0,45,1,40122,0.3401625043616968,1,0,0,0,0,0,0,0,0,0,0,0,0,0,1,0,0,0
2020,2020-10-03,19943,1,東浜,172,23.3,0.0,2.0,2,1,0,46,1,40122,0.49705897014106976,0,0,1,0,0,0,0,0,0,0,0,0,0,0,1,0,0,0
2020,2020-10-04,19957,1,和田,202,23.0,1.0,1.6,8,4,0,47,0,40122,0.49740790588704453,0,0,0,1,0,0,0,0,0,0,0,0,0,0,1,0,0,0
2020,2020-10-09,16416,0,ムーア,194,22.4,0.0,4.9,1,3,0,48,1,40122,0.40915208613728127,1,0,0,0,0,0,0,0,0,0,1,0,0,0,0,0,0,0
2020,2020-10-10,19234,1,東浜,157,21.1,9.5,5.1,5,1,0,49,0,40122,0.4793878670056328,0,0,1,0,0,0,0,0,0,0,1,0,0,0,0,0,0,0
2020,2020-10-11,19995,1,和田,181,21.2,0.0,3.4,3,0,0,50,1,40122,0.4983550171975475,0,0,0,1,0,0,0,0,0,0,1,0,0,0,0,0,0,0
2020,2020-10-16,15887,1,ムーア,197,19.5,2.0,2.5,7,3,0,51,0,40122,0.3959672997358058,1,0,0,0,0,0,0,0,0,0,0,0,0,0,0,1,0,0
2020,2020-10-17,18013,1,東浜,175,16.7,8.5,2.1,5,0,0,52,0,40122,0.4489556851602612,0,0,1,0,0,0,0,0,0,0,0,0,0,0,0,1,0,0
2020,2020-10-18,19657,1,和田,229,18.3,0.0,2.8,11,4,0,53,1,40122,0.48993071133044214,0,0,0,1,0,0,0,0,0,0,0,0,0,0,0,1,0,0
2020,2020-10-23,16631,1,石川,187,16.2,0.0,3.9,8,1,0,54,1,40122,0.4145107422361797,1,0,0,0,0,0,0,0,0,0,0,0,0,0,0,0,1,0
2020,2020-10-24,19846,0,東浜,178,15.5,0.0,3.0,1,4,0,55,1,40122,0.49464134390110165,0,0,1,0,0,0,0,0,0,0,0,0,0,0,0,0,1,0
2020,2020-10-25,19985,1,大竹,190,15.7,0.0,2.1,7,2,0,56,1,40122,0.4981057773789941,0,0,0,1,0,0,0,0,0,0,0,0,0,0,0,0,1,0
2020,2020-10-27,19988,1,和田,199,16.9,0.0,1.9,5,1,0,57,1,40122,0.4981805493245601,0,0,0,0,0,1,0,0,0,0,1,0,0,0,0,0,0,0
2020,2020-10-28,19913,1,千賀,161,17.5,0.0,1.2,2,0,0,58,1,40122,0.4963112506854095,0,0,0,0,0,0,1,0,0,0,1,0,0,0,0,0,0,0
2020,2020-10-29,19910,1,ムーア,160,18.1,0.0,2.3,4,3,0,59,1,40122,0.4962364787398435,0,0,0,0,1,0,0,0,0,0,1,0,0,0,0,0,0,0
2020,2020-11-09,19980,1,ムーア,169,14.0,0.0,4.3,6,2,0,60,1,40122,0.4979811574697174,0,1,0,0,0,0,0,0,0,0,0,0,0,0,0,0,1,0
2021,2021-03-26,9977,1,石川,154,15.1,0.0,2.1,8,2,0,1,1,40000,0.249425,1,0,0,0,0,0,0,0,0,0,1,0,0,0,0,0,0,0
2021,2021-03-27,9963,1,高橋礼,215,18.6,0.0,3.7,3,2,0,2,1,40000,0.249075,0,0,1,0,0,0,0,0,0,0,1,0,0,0,0,0,0,0
2021,2021-03-28,9981,1,和田,203,16.1,21.5,3.3,6,5,0,3,0,40000,0.249525,0,0,0,1,0,0,0,0,0,0,1,0,0,0,0,0,0,0
2021,2021-04-02,9404,0,石川,168,20.6,0.0,3.0,2,6,0,4,1,40000,0.2351,1,0,0,0,0,0,0,0,0,0,0,0,0,0,0,0,1,0
2021,2021-04-03,9880,0,高橋礼,213,21.7,0.0,2.9,4,7,0,5,1,40000,0.247,0,0,1,0,0,0,0,0,0,0,0,0,0,0,0,0,1,0
2021,2021-04-04,9902,0,和田,222,16.0,9.0,5.0,2,4,0,6,0,40000,0.24755,0,0,0,1,0,0,0,0,0,0,0,0,0,0,0,0,1,0
2021,2021-04-13,9086,0,笠谷,212,17.2,4.0,3.6,4,7,0,7,0,40000,0.22715,0,0,0,0,0,1,0,0,1,0,0,0,0,0,0,0,0,0
2021,2021-04-14,9229,1,和田,187,13.4,0.0,4.4,4,1,0,8,1,40000,0.230725,0,0,0,0,0,0,1,0,1,0,0,0,0,0,0,0,0,0
2021,2021-04-15,9007,1,武田,181,14.6,0.0,2.2,4,3,0,9,1,40000,0.225175,0,0,0,0,1,0,0,0,1,0,0,0,0,0,0,0,0,0
2021,2021-04-21,12049,1,和田,167,18.2,0.0,2.4,4,1,0,10,1,40000,0.301225,0,0,0,0,0,0,1,0,0,0,0,0,0,0,0,1,0,0
2021,2021-04-27,10583,0,笠谷,208,17.9,0.0,2.0,2,7,0,11,1,40000,0.264575,0,0,0,0,0,1,0,0,0,0,0,0,0,0,1,0,0,0
2021,2021-04-28,12763,0,和田,212,17.8,9.0,2.2,3,4,0,12,0,40000,0.319075,0,0,0,0,0,0,1,0,0,0,0,0,0,0,1,0,0,0
2021,2021-04-29,15693,1,武田,160,17.3,36.0,2.4,2,1,1,13,0,40000,0.392325,0,0,0,0,1,0,0,0,0,0,0,0,0,0,1,0,0,0
2021,2021-05-03,18382,0,二保,209,15.5,0.0,2.4,4,7,1,14,1,40000,0.45955,0,1,0,0,0,0,0,0,0,0,0,0,0,0,0,1,0,0
2021,2021-05-04,18584,1,笠谷,198,18.8,0.5,3.2,6,4,1,15,0,40000,0.4646,0,0,0,0,0,1,0,0,0,0,0,0,0,0,0,1,0,0
2021,2021-05-05,17902,1,和田,208,19.3,7.0,3.2,5,5,1,16,0,40000,0.44755,0,0,0,0,0,0,1,0,0,0,0,0,0,0,0,1,0,0
2021,2021-05-07,11374,1,石川,160,20.7,0.0,2.7,2,2,0,17,1,40000,0.28435,1,0,0,0,0,0,0,0,0,0,0,0,0,0,0,0,1,0
2021,2021-05-08,17688,0,マルティネス,187,21.2,0.0,3.0,0,2,0,18,1,40000,0.4422,0,0,1,0,0,0,0,0,0,0,0,0,0,0,0,0,1,0
2021,2021-05-09,17783,1,松本,188,21.1,0.0,3.5,3,1,0,19,1,40000,0.444575,0,0,0,1,0,0,0,0,0,0,0,0,0,0,0,0,1,0
2021,2021-05-11,8513,0,武田,203,20.6,0.0,1.7,1,4,0,20,1,40000,0.212825,0,0,0,0,0,1,0,0,0,0,1,0,0,0,0,0,0,0
2021,2021-05-12,8778,1,和田,232,18.3,13.0,2.1,8,8,0,21,0,40000,0.21945,0,0,0,0,0,0,1,0,0,0,1,0,0,0,0,0,0,0
2021,2021-05-22,0,1,マルティネス,175,19.9,0.0,3.1,7,2,0,22,1,40000,0.0,0,0,1,0,0,0,0,0,1,0,0,0,0,0,0,0,0,0
2021,2021-05-23,0,1,和田,172,21.8,0.0,2.5,7,2,0,23,1,40000,0.0,0,0,0,1,0,0,0,0,1,0,0,0,0,0,0,0,0,0
2021,2021-05-28,0,1,石川,175,22.4,0.0,3.2,9,3,0,24,1,40000,0.0,1,0,0,0,0,0,0,0,0,0,0,0,1,0,0,0,0,0
2021,2021-05-29,0,1,マルティネス,164,21.3,0.0,3.1,8,3,0,25,1,40000,0.0,0,0,1,0,0,0,0,0,0,0,0,0,1,0,0,0,0,0
2021,2021-05-30,0,0,和田,213,21.5,0.0,2.5,3,4,0,26,1,40000,0.0,0,0,0,1,0,0,0,0,0,0,0,0,1,0,0,0,0,0
2021,2021-06-08,0,1,武田,156,25.0,0.0,2.4,1,1,0,27,1,40000,0.0,0,0,0,0,0,1,0,0,0,0,0,0,0,1,0,0,0,0
2021,2021-06-09,0,1,東浜,185,25.1,0.0,2.5,8,4,0,28,1,40000,0.0,0,0,0,0,0,0,1,0,0,0,0,0,0,1,0,0,0,0
2021,2021-06-10,0,1,レイ,159,26.9,0.0,2.5,1,1,0,29,1,40000,0.0,0,0,0,0,1,0,0,0,0,0,0,0,0,1,0,0,0,0
2021,2021-06-11,0,0,石川,165,24.7,6.0,3.6,0,1,0,30,0,40000,0.0,1,0,0,0,0,0,0,0,0,1,0,0,0,0,0,0,0,0
2021,2021-06-12,0,0,マルティネス,200,26.0,2.5,3.1,2,4,0,31,0,40000,0.0,0,0,1,0,0,0,0,0,0,1,0,0,0,0,0,0,0,0
2021,2021-06-13,0,0,和田,191,24.6,1.0,2.2,4,6,0,32,0,40000,0.0,0,0,0,1,0,0,0,0,0,1,0,0,0,0,0,0,0,0
2021,2021-06-18,0,0,石川,184,22.8,17.5,1.6,1,2,0,33,0,40000,0.0,1,0,0,0,0,0,0,0,0,0,0,0,0,0,1,0,0,0
2021,2021-06-19,0,1,マルティネス,239,23.6,1.0,2.9,5,5,0,34,0,40000,0.0,0,0,1,0,0,0,0,0,0,0,0,0,0,0,1,0,0,0
2021,2021-06-20,0,1,和田,186,23.9,0.0,2.4,1,1,0,35,1,40000,0.0,0,0,0,1,0,0,0,0,0,0,0,0,0,0,1,0,0,0
2021,2021-07-01,5998,0,武田,158,28.1,0.0,2.9,0,1,0,36,1,40000,0.14995,0,0,0,0,1,0,0,0,0,0,0,0,0,0,0,0,1,0
2021,2021-07-09,6916,0,武田,190,27.3,28.5,2.2,0,8,0,37,0,40000,0.1729,1,0,0,0,0,0,0,0,1,0,0,0,0,0,0,0,0,0
2021,2021-07-10,8289,1,マルティネス,203,27.0,2.5,2.8,3,1,0,38,0,40000,0.207225,0,0,1,0,0,0,0,0,1,0,0,0,0,0,0,0,0,0
2021,2021-07-11,7925,1,和田,205,28.2,0.0,2.5,7,4,0,39,1,40000,0.198125,0,0,0,1,0,0,0,0,1,0,0,0,0,0,0,0,0,0
2021,2021-07-12,9957,1,レイ,178,29.0,0.0,2.2,8,0,0,40,1,40000,0.248925,0,1,0,0,0,0,0,0,0,0,0,0,0,0,0,1,0,0
2021,2021-07-13,9845,0,石川,184,29.3,0.0,2.5,2,6,0,41,1,40000,0.246125,0,0,0,0,0,1,0,0,0,0,0,0,0,0,0,1,0,0
2021,2021-07-14,9930,0,東浜,214,29.7,0.0,2.9,2,4,0,42,1,40000,0.24825,0,0,0,0,0,0,1,0,0,0,0,0,0,0,0,1,0,0
2021,2021-08-13,6150,1,石川,157,24.1,108.5,1.8,3,0,0,43,0,40000,0.15375,1,0,0,0,0,0,0,0,0,0,0,0,0,0,1,0,0,0
2021,2021-08-14,5326,1,東浜,179,23.4,231.5,1.6,2,0,0,44,0,40000,0.13315,0,0,1,0,0,0,0,0,0,0,0,0,0,0,1,0,0,0
2021,2021-08-15,5361,1,スチュワート・ジュニア,157,25.4,0.5,3.1,0,0,0,45,0,40000,0.134025,0,0,0,1,0,0,0,0,0,0,0,0,0,0,1,0,0,0
2021,2021-08-20,0,0,マルティネス,172,26.6,0.0,1.9,3,5,0,46,1,40000,0.0,1,0,0,0,0,0,0,0,0,0,1,0,0,0,0,0,0,0
2021,2021-08-21,0,0,石川,218,27.5,30.0,3.3,6,8,0,47,0,40000,0.0,0,0,1,0,0,0,0,0,0,0,1,0,0,0,0,0,0,0
2021,2021-08-22,0,1,スチュワート・ジュニア,203,26.6,35.5,2.0,4,2,0,48,0,40000,0.0,0,0,0,1,0,0,0,0,0,0,1,0,0,0,0,0,0,0
2021,2021-09-02,1630,1,千賀,179,26.9,29.5,3.3,5,2,0,49,0,40000,0.04075,0,0,0,0,1,0,0,0,0,0,0,0,0,0,0,1,0,0
2021,2021-09-03,2383,0,マルティネス,185,25.9,143.5,1.9,1,2,0,50,0,40000,0.059575,1,0,0,0,0,0,0,0,1,0,0,0,0,0,0,0,0,0
2021,2021-09-04,3405,1,石川,178,26.1,0.5,4.7,11,4,0,51,0,40000,0.085125,0,0,1,0,0,0,0,0,1,0,0,0,0,0,0,0,0,0
2021,2021-09-05,3155,1,和田,198,25.7,0.0,3.0,12,4,0,52,1,40000,0.078875,0,0,0,1,0,0,0,0,1,0,0,0,0,0,0,0,0,0
2021,2021-09-14,2145,0,千賀,178,23.3,29.0,2.2,1,3,0,53,0,40000,0.053625,0,0,0,0,0,1,0,0,0,0,1,0,0,0,0,0,0,0
2021,2021-09-15,2043,0,スチュワート・ジュニア,241,24.5,0.0,3.0,4,5,0,54,1,40000,0.051075,0,0,0,0,0,0,1,0,0,0,1,0,0,0,0,0,0,0
2021,2021-09-16,1912,1,マルティネス,215,27.3,0.0,2.4,1,1,0,55,1,40000,0.0478,0,0,0,0,1,0,0,0,0,0,1,0,0,0,0,0,0,0
2021,2021-09-24,2522,0,杉山,190,23.6,0.0,3.1,1,4,0,56,1,40000,0.06305,1,0,0,0,0,0,0,0,0,0,0,0,0,0,1,0,0,0
2021,2021-09-25,3772,1,石川,186,24.2,0.0,2.2,4,2,0,57,1,40000,0.0943,0,0,1,0,0,0,0,0,0,0,0,0,0,0,1,0,0,0
2021,2021-09-26,3811,1,笠谷,200,24.5,0.0,3.5,4,1,0,58,1,40000,0.095275,0,0,0,1,0,0,0,0,0,0,0,0,0,0,1,0,0,0
2021,2021-09-28,3559,1,千賀,188,26.5,0.0,1.8,5,2,0,59,1,40000,0.088975,0,0,0,0,0,1,0,0,0,0,0,0,0,0,0,0,1,0
2021,2021-09-29,3488,1,マルティネス,173,27.9,0.0,2.5,9,0,0,60,1,40000,0.0872,0,0,0,0,0,0,1,0,0,0,0,0,0,0,0,0,1,0
2021,2021-09-30,3758,0,杉山,268,26.1,0.0,3.1,7,8,0,61,1,40000,0.09395,0,0,0,0,1,0,0,0,0,0,0,0,0,0,0,0,1,0
2021,2021-10-05,8019,1,東浜,261,25.0,0.0,2.4,7,7,0,62,1,40000,0.200475,0,0,0,0,0,1,0,0,0,0,0,0,0,0,0,1,0,0
2021,2021-10-06,8233,0,マルティネス,226,24.4,0.0,2.6,0,5,0,63,1,40000,0.205825,0,0,0,0,0,0,1,0,0,0,0,0,0,0,0,1,0,0
2021,2021-10-09,9687,0,笠谷,202,27.2,0.0,2.1,2,6,0,64,1,40000,0.242175,0,0,1,0,0,0,0,0,1,0,0,0,0,0,0,0,0,0
2021,2021-10-10,9914,1,千賀,188,27.2,0.0,2.6,3,1,0,65,1,40000,0.24785,0,0,0,1,0,0,0,0,1,0,0,0,0,0,0,0,0,0
2021,2021-10-19,14607,1,千賀,194,18.0,0.5,2.8,6,0,0,66,0,40000,0.365175,0,0,0,0,0,1,0,0,0,0,1,0,0,0,0,0,0,0
2021,2021-10-21,14877,1,マルティネス,186,16.0,0.0,2.6,2,2,0,67,1,40000,0.371925,0,0,0,0,1,0,0,0,0,0,0,0,0,0,1,0,0,0
2022,2022-03-25,35141,1,千賀,205,14.8,0.0,2.6,4,1,0,1,1,40000,0.878525,1,0,0,0,0,0,0,0,0,0,0,0,0,0,1,0,0,0
2022,2022-03-26,33380,1,東浜,184,16.5,6.5,4.7,6,3,0,2,0,40000,0.8345,0,0,1,0,0,0,0,0,0,0,0,0,0,0,1,0,0,0
2022,2022-03-27,32096,1,杉山,197,15.5,0.0,2.6,6,4,0,3,1,40000,0.8024,0,0,0,1,0,0,0,0,0,0,0,0,0,0,1,0,0,0
2022,2022-04-05,25363,1,石川,214,13.3,0.0,2.3,6,3,0,4,1,40000,0.634075,0,0,0,0,0,1,0,0,1,0,0,0,0,0,0,0,0,0
2022,2022-04-06,23095,0,和田,218,15.4,0.0,2.5,1,3,0,5,1,40000,0.577375,0,0,0,0,0,0,1,0,1,0,0,0,0,0,0,0,0,0
2022,2022-04-07,21949,1,レイ,188,16.2,0.0,2.8,7,3,0,6,1,40000,0.548725,0,0,0,0,1,0,0,0,1,0,0,0,0,0,0,0,0,0
2022,2022-04-14,26806,1,千賀,173,15.4,60.0,3.8,4,0,0,7,0,40000,0.67015,0,0,0,0,1,0,0,0,0,0,1,0,0,0,0,0,0,0
2022,2022-04-26,26041,1,石川,177,23.4,34.0,3.4,3,0,0,8,0,40000,0.651025,0,0,0,0,0,1,0,0,0,0,0,0,0,0,0,0,1,0
2022,2022-04-27,27526,0,杉山,183,19.2,0.5,3.7,2,8,0,9,0,40000,0.68815,0,0,0,0,0,0,1,0,0,0,0,0,0,0,0,0,1,0
2022,2022-04-28,30505,0,レイ,202,18.5,0.0,2.8,2,4,0,10,1,40000,0.762625,0,0,0,0,1,0,0,0,0,0,0,0,0,0,0,0,1,0
2022,2022-05-03,33102,1,石川,219,16.3,0.0,3.1,7,3,1,11,1,40000,0.82755,0,0,0,0,0,1,0,0,1,0,0,0,0,0,0,0,0,0
2022,2022-05-04,31736,1,東浜,192,17.6,0.0,2.3,2,1,1,12,1,40000,0.7934,0,0,0,0,0,0,1,0,1,0,0,0,0,0,0,0,0,0
2022,2022-05-05,30254,1,和田,184,20.5,0.0,2.3,9,3,1,13,1,40000,0.75635,0,0,0,0,1,0,0,0,1,0,0,0,0,0,0,0,0,0
2022,2022-05-11,27420,1,東浜,157,21.1,6.0,1.5,2,0,0,14,0,40000,0.6855,0,0,0,0,0,0,1,0,0,0,0,0,0,0,0,0,1,0
2022,2022-05-20,36956,0,千賀,215,21.2,0.0,1.8,1,8,0,15,1,40000,0.9239,1,0,0,0,0,0,0,0,0,0,1,0,0,0,0,0,0,0
2022,2022-05-21,31549,0,大関,227,21.0,0.0,2.4,2,4,0,16,1,40000,0.788725,0,0,1,0,0,0,0,0,0,0,1,0,0,0,0,0,0,0
2022,2022-05-22,34933,1,和田,156,23.4,0.0,2.8,3,2,0,17,1,40000,0.873325,0,0,0,1,0,0,0,0,0,0,1,0,0,0,0,0,0,0
2022,2022-05-27,32823,1,レイ,177,23.5,0.0,3.6,7,0,0,18,1,40000,0.820575,1,0,0,0,0,0,0,0,0,0,0,0,0,1,0,0,0,0
2022,2022-05-28,35544,1,大関,165,24.2,0.0,2.7,11,1,0,19,1,40000,0.8886,0,0,1,0,0,0,0,0,0,0,0,0,0,1,0,0,0,0
2022,2022-05-29,36167,1,和田,175,23.8,0.0,2.6,8,0,0,20,1,40000,0.904175,0,0,0,1,0,0,0,0,0,0,0,0,0,1,0,0,0,0
2022,2022-06-07,29448,0,石川,184,21.0,0.0,4.7,0,2,0,21,1,40000,0.7362,0,0,0,0,0,1,0,0,0,0,0,0,0,0,0,0,0,1
2022,2022-06-08,30404,1,東浜,193,21.1,0.0,4.0,1,0,0,22,1,40000,0.7601,0,0,0,0,0,0,1,0,0,0,0,0,0,0,0,0,0,1
2022,2022-06-09,29675,1,レイ,187,21.8,0.0,2.7,4,0,0,23,1,40000,0.741875,0,0,0,0,1,0,0,0,0,0,0,0,0,0,0,0,0,1
2022,2022-06-10,30026,0,千賀,188,23.2,24.5,2.2,1,3,0,24,0,40000,0.75065,1,0,0,0,0,0,0,0,0,1,0,0,0,0,0,0,0,0
2022,2022-06-11,38683,0,大関,197,21.7,4.0,2.5,4,7,0,25,0,40000,0.967075,0,0,1,0,0,0,0,0,0,1,0,0,0,0,0,0,0,0
2022,2022-06-12,38777,0,和田,172,22.4,0.0,4.4,0,3,0,26,1,40000,0.969425,0,0,0,1,0,0,0,0,0,1,0,0,0,0,0,0,0,0
2022,2022-06-17,31322,1,千賀,198,25.7,0.0,2.6,9,4,0,27,1,40000,0.78305,1,0,0,0,0,0,0,0,0,0,0,0,0,0,0,1,0,0
2022,2022-06-18,31057,1,大関,206,26.2,0.0,2.4,3,1,0,28,1,40000,0.776425,0,0,1,0,0,0,0,0,0,0,0,0,0,0,0,1,0,0
2022,2022-06-19,31595,1,和田,157,26.1,0.0,2.3,4,1,0,29,1,40000,0.789875,0,0,0,1,0,0,0,0,0,0,0,0,0,0,0,1,0,0
2022,2022-06-24,33481,1,千賀,197,29.2,0.0,5.8,5,1,0,30,1,40000,0.837025,1,0,0,0,0,0,0,0,0,0,0,0,0,0,1,0,0,0
2022,2022-06-25,35637,1,大関,167,25.6,16.0,3.8,3,0,0,31,0,40000,0.890925,0,0,1,0,0,0,0,0,0,0,0,0,0,0,1,0,0,0
2022,2022-06-26,34087,0,レイ,237,28.3,0.0,3.3,2,3,0,32,1,40000,0.852175,0,0,0,1,0,0,0,0,0,0,0,0,0,0,1,0,0,0
2022,2022-07-08,33147,0,レイ,252,30.0,2.0,2.6,2,4,0,33,0,40000,0.828675,1,0,0,0,0,0,0,0,0,0,0,0,0,0,1,0,0,0
2022,2022-07-09,37596,0,東浜,209,28.7,0.5,3.0,2,7,0,34,0,40000,0.9399,0,0,1,0,0,0,0,0,0,0,0,0,0,0,1,0,0,0
2022,2022-07-10,36543,0,石川,187,28.4,0.0,3.0,0,2,0,35,1,40000,0.913575,0,0,0,1,0,0,0,0,0,0,0,0,0,0,1,0,0,0
2022,2022-07-12,30516,0,大関,191,27.9,0.0,3.5,2,4,0,36,1,40000,0.7629,0,0,0,0,0,1,0,0,1,0,0,0,0,0,0,0,0,0
2022,2022-07-13,29523,1,千賀,141,27.7,0.0,2.2,4,2,0,37,1,40000,0.738075,0,0,0,0,0,0,1,0,1,0,0,0,0,0,0,0,0,0
2022,2022-07-14,29318,0,レイ,160,30.3,0.5,2.9,2,3,0,38,0,40000,0.73295,0,0,0,0,1,0,0,0,1,0,0,0,0,0,0,0,0,0
2022,2022-07-21,29254,1,千賀,207,30.6,0.0,4.1,7,0,0,39,1,40000,0.73135,0,0,0,0,1,0,0,0,0,0,0,0,0,0,0,1,0,0
2022,2022-07-29,34651,0,千賀,199,31.4,0.0,3.2,2,5,0,40,1,40000,0.866275,1,0,0,0,0,0,0,0,0,0,0,0,0,0,0,0,1,0
2022,2022-07-30,32535,0,大関,194,31.0,0.0,3.0,0,6,0,41,1,40000,0.813375,0,0,1,0,0,0,0,0,0,0,0,0,0,0,0,0,1,0
2022,2022-07-31,32380,1,和田,203,31.1,0.0,3.7,4,2,0,42,1,40000,0.8095,0,0,0,1,0,0,0,0,0,0,0,0,0,0,0,0,1,0
2022,2022-08-05,27439,1,杉山,234,31.1,0.0,2.9,7,3,0,43,1,40000,0.685975,1,0,0,0,0,0,0,0,0,0,0,0,0,0,0,1,0,0
2022,2022-08-06,29578,1,武田,216,30.0,4.0,2.1,9,1,0,44,0,40000,0.73945,0,0,1,0,0,0,0,0,0,0,0,0,0,0,0,1,0,0
2022,2022-08-07,29544,0,和田,207,30.4,6.0,2.3,2,7,0,45,0,40000,0.7386,0,0,0,1,0,0,0,0,0,0,0,0,0,0,0,1,0,0
2022,2022-08-12,32339,0,杉山,207,29.5,3.5,2.0,3,6,0,46,0,40000,0.808475,1,0,0,0,0,0,0,0,1,0,0,0,0,0,0,0,0,0
2022,2022-08-13,32513,1,武田,221,30.2,7.0,2.3,5,4,0,47,0,40000,0.812825,0,0,1,0,0,0,0,0,1,0,0,0,0,0,0,0,0,0
2022,2022-08-14,33124,0,和田,173,31.5,0.0,2.6,2,10,0,48,1,40000,0.8281,0,0,0,1,0,0,0,0,1,0,0,0,0,0,0,0,0,0
2022,2022-08-19,32806,1,板東,183,30.4,0.0,2.6,7,2,0,49,1,40000,0.82015,1,0,0,0,0,0,0,0,0,0,0,0,0,0,1,0,0,0
2022,2022-08-20,32247,1,武田,223,31.7,0.0,2.4,9,3,0,50,1,40000,0.806175,0,0,1,0,0,0,0,0,0,0,0,0,0,0,1,0,0,0
2022,2022-08-21,35191,1,和田,165,28.9,125.5,3.4,5,1,0,51,0,40000,0.879775,0,0,0,1,0,0,0,0,0,0,0,0,0,0,1,0,0,0
2022,2022-08-31,28304,0,石川,187,29.3,0.0,2.9,0,3,0,52,1,40000,0.7076,0,0,0,0,0,0,1,0,0,0,1,0,0,0,0,0,0,0
2022,2022-09-01,26007,0,レイ,200,25.7,26.0,4.5,0,7,0,53,0,40000,0.650175,0,0,0,0,1,0,0,0,0,0,1,0,0,0,0,0,0,0
2022,2022-09-02,28308,1,東浜,212,24.5,14.0,2.3,4,0,0,54,0,40000,0.7077,1,0,0,0,0,0,0,0,0,0,0,0,0,0,0,0,1,0
2022,2022-09-03,32954,1,板東,190,25.2,16.0,1.3,5,2,0,55,0,40000,0.82385,0,0,1,0,0,0,0,0,0,0,0,0,0,0,0,0,1,0
2022,2022-09-04,33742,0,千賀,213,29.2,0.0,2.6,1,4,0,56,1,40000,0.84355,0,0,0,1,0,0,0,0,0,0,0,0,0,0,0,0,1,0
2022,2022-09-06,25851,1,和田,156,26.5,20.0,6.5,4,2,0,57,0,40000,0.646275,0,0,0,0,0,1,0,0,0,0,0,0,0,0,0,1,0,0
2022,2022-09-07,28441,0,石川,188,24.8,0.0,3.4,3,4,0,58,1,40000,0.711025,0,0,0,0,0,0,1,0,0,0,0,0,0,0,0,1,0,0
2022,2022-09-08,30452,0,レイ,192,25.6,0.0,3.9,3,7,0,59,1,40000,0.7613,0,0,0,0,1,0,0,0,0,0,0,0,0,0,0,1,0,0
2022,2022-09-12,35642,1,東浜,246,29.4,0.0,2.1,7,5,0,60,1,40000,0.89105,0,1,0,0,0,0,0,0,0,0,0,0,0,0,0,0,1,0
2022,2022-09-13,34614,1,奥村,197,29.1,1.5,2.5,9,0,0,61,0,40000,0.86535,0,0,0,0,0,1,0,0,0,0,0,0,0,0,0,0,1,0
2022,2022-09-14,31858,1,石川,165,30.0,0.0,2.8,6,1,0,62,1,40000,0.79645,0,0,0,0,0,0,1,0,0,0,0,0,0,0,0,0,1,0
2022,2022-09-23,34563,0,和田,242,23.7,0.0,2.0,3,6,1,63,1,40000,0.864075,1,0,0,0,0,0,0,0,0,0,1,0,0,0,0,0,0,0
2022,2022-09-24,38250,1,板東,178,22.9,0.0,3.7,6,0,0,64,1,40000,0.95625,0,0,1,0,0,0,0,0,0,0,1,0,0,0,0,0,0,0
2022,2022-09-25,36028,1,千賀,181,23.2,0.0,2.0,10,0,0,65,1,40000,0.9007,0,0,0,1,0,0,0,0,0,0,1,0,0,0,0,0,0,0
2022,2022-09-26,39562,1,東浜,195,23.8,2.0,1.4,2,1,0,66,0,40000,0.98905,0,1,0,0,0,0,0,0,0,0,1,0,0,0,0,0,0,0
2023,2023-03-31,40062,1,大関,183,17.8,0.0,2.2,4,0,0,1,1,40062,1.0,1,0,0,0,0,0,0,0,0,0,1,0,0,0,0,0,0,0
2023,2023-04-01,37331,1,藤井,181,17.3,0.0,3.0,7,0,0,2,1,40062,0.9318306624731666,0,0,1,0,0,0,0,0,0,0,1,0,0,0,0,0,0,0
2023,2023-04-02,38499,1,東浜,200,15.9,0.0,4.5,5,3,0,3,1,40062,0.9609854725175977,0,0,0,1,0,0,0,0,0,0,1,0,0,0,0,0,0,0
2023,2023-04-11,35619,1,石川,208,19.1,0.0,3.2,4,3,0,4,1,40062,0.8890968998053018,0,0,0,0,0,1,0,0,0,0,0,0,0,0,1,0,0,0
2023,2023-04-12,34708,1,東浜,179,16.5,15.5,3.3,5,2,0,5,0,40062,0.8663571464230443,0,0,0,0,0,0,1,0,0,0,0,0,0,0,1,0,0,0
2023,2023-04-26,34858,1,和田,142,15.4,4.0,3.9,4,2,0,6,0,40062,0.8701013429184764,0,0,0,0,0,0,1,0,0,0,0,0,0,0,0,1,0,0
2023,2023-04-27,35102,1,森,193,16.3,0.0,2.5,5,3,0,7,1,40062,0.8761919025510458,0,0,0,0,1,0,0,0,0,0,0,0,0,0,0,1,0,0
2023,2023-05-02,40062,0,大関,178,17.7,0.0,2.5,0,1,0,8,1,40062,1.0,0,0,0,0,0,1,0,0,1,0,0,0,0,0,0,0,0,0
2023,2023-05-03,40002,0,武田,214,19.7,0.0,2.4,4,9,1,9,1,40062,0.9985023214018272,0,0,0,0,0,0,1,0,1,0,0,0,0,0,0,0,0,0
2023,2023-05-04,40062,1,和田,254,20.2,3.5,2.7,8,7,1,10,0,40062,1.0,0,0,0,0,1,0,0,0,1,0,0,0,0,0,0,0,0,0
2023,2023-05-10,35204,0,森,175,18.0,0.0,2.4,3,6,0,11,1,40062,0.8787379561679397,0,0,0,0,0,0,1,0,0,0,0,0,0,0,1,0,0,0
2023,2023-05-11,30762,1,藤井,203,19.1,0.0,2.2,6,3,0,12,1,40062,0.7678598172832111,0,0,0,0,1,0,0,0,0,0,0,0,0,0,1,0,0,0
2023,2023-05-19,40013,1,石川,184,19.1,18.5,3.9,5,4,0,13,0,40062,0.9987768958114922,1,0,0,0,0,0,0,0,0,0,0,0,0,0,0,0,1,0
2023,2023-05-20,39978,0,東浜,199,19.8,0.0,4.6,0,1,0,14,1,40062,0.9979032499625581,0,0,1,0,0,0,0,0,0,0,0,0,0,0,0,0,1,0
2023,2023-05-21,40062,1,藤井,215,20.8,0.0,2.4,3,1,0,15,1,40062,1.0,0,0,0,1,0,0,0,0,0,0,0,0,0,0,0,0,1,0
2023,2023-05-27,40062,1,石川,250,24.1,0.0,2.2,6,5,0,16,1,40062,1.0,0,0,1,0,0,0,0,0,0,0,1,0,0,0,0,0,0,0
2023,2023-05-28,40062,0,藤井,212,25.2,0.0,2.4,5,9,0,17,1,40062,1.0,0,0,0,1,0,0,0,0,0,0,1,0,0,0,0,0,0,0
2023,2023-05-30,33791,1,大関,200,21.3,58.0,2.4,13,5,0,18,0,40062,0.8434676251809695,0,0,0,0,0,1,0,0,0,0,0,1,0,0,0,0,0,0
2023,2023-05-31,34442,0,東浜,204,21.7,23.5,2.3,1,7,0,19,0,40062,0.8597174379711447,0,0,0,0,0,0,1,0,0,0,0,1,0,0,0,0,0,0
2023,2023-06-01,32630,0,ガンケル,213,23.9,9.0,2.1,5,6,0,20,0,40062,0.8144875443063252,0,0,0,0,1,0,0,0,0,0,0,1,0,0,0,0,0,0
2023,2023-06-06,32027,1,有原,189,19.4,22.0,2.0,2,1,0,21,0,40062,0.7994358743946882,0,0,0,0,0,1,0,1,0,0,0,0,0,0,0,0,0,0
2023,2023-06-07,32936,1,東浜,186,22.7,0.0,2.4,4,0,0,22,1,40062,0.8221257051570067,0,0,0,0,0,0,1,1,0,0,0,0,0,0,0,0,0,0
2023,2023-06-08,32995,0,森,204,20.3,14.5,2.3,5,6,0,23,0,40062,0.82359842244521,0,0,0,0,1,0,0,1,0,0,0,0,0,0,0,0,0,0
2023,2023-06-09,40062,1,和田,185,22.3,0.0,2.1,5,1,0,24,1,40062,1.0,1,0,0,0,0,0,0,0,0,0,0,0,1,0,0,0,0,0
2023,2023-06-10,40062,0,石川,217,23.3,0.5,2.3,6,10,0,25,0,40062,1.0,0,0,1,0,0,0,0,0,0,0,0,0,1,0,0,0,0,0
2023,2023-06-11,40062,0,藤井,220,24.4,0.5,2.2,2,4,0,26,0,40062,1.0,0,0,0,1,0,0,0,0,0,0,0,0,1,0,0,0,0,0
2023,2023-06-23,40062,1,有原,174,24.6,0.0,2.8,7,1,0,27,1,40062,1.0,1,0,0,0,0,0,0,0,1,0,0,0,0,0,0,0,0,0
2023,2023-06-24,39318,1,東浜,180,24.1,0.0,2.4,3,2,0,28,1,40062,0.9814287853826569,0,0,1,0,0,0,0,0,1,0,0,0,0,0,0,0,0,0
2023,2023-06-25,40062,0,板東,185,24.7,27.0,2.2,2,4,0,29,0,40062,1.0,0,0,0,1,0,0,0,0,1,0,0,0,0,0,0,0,0,0
2023,2023-06-28,34351,1,スチュワート・ジュニア,204,28.5,1.0,2.5,3,2,0,30,0,40062,0.8574459587639159,0,0,0,0,0,0,1,0,0,0,0,0,0,0,0,1,0,0
2023,2023-06-29,36157,1,大関,195,28.6,2.0,2.9,3,2,0,31,0,40062,0.9025260845689181,0,0,0,0,1,0,0,0,0,0,0,0,0,0,0,1,0,0
2023,2023-07-04,33570,0,和田,218,26.8,1.5,2.1,3,10,0,32,0,40062,0.8379511756776996,0,0,0,0,0,1,0,0,0,0,0,0,0,0,1,0,0,0
2023,2023-07-05,34434,1,板東,163,27.9,10.0,3.0,5,1,0,33,0,40062,0.8595177474913883,0,0,0,0,0,0,1,0,0,0,0,0,0,0,1,0,0,0
2023,2023-07-06,33553,1,大関,180,27.0,0.0,2.5,4,3,0,34,1,40062,0.8375268334082172,0,0,0,0,1,0,0,0,0,0,0,0,0,0,1,0,0,0
2023,2023-07-13,38800,0,大関,203,30.3,0.0,3.1,2,4,0,35,1,40062,0.9684988268184315,0,0,0,0,1,0,0,0,0,0,0,0,0,0,0,0,1,0
2023,2023-07-15,40062,0,有原,205,30.7,0.0,3.8,2,3,0,36,1,40062,1.0,0,0,1,0,0,0,0,0,1,0,0,0,0,0,0,0,0,0
2023,2023-07-16,40062,0,東浜,168,31.3,0.0,3.4,1,2,0,37,1,40062,1.0,0,0,0,1,0,0,0,0,1,0,0,0,0,0,0,0,0,0
2023,2023-07-17,38890,0,スチュワート・ジュニア,158,30.5,0.0,2.8,0,3,1,38,1,40062,0.9707453447156906,0,1,0,0,0,0,0,0,1,0,0,0,0,0,0,0,0,0
2023,2023-07-28,39751,0,東浜,197,30.0,0.0,2.4,5,8,0,39,1,40062,0.9922370325994708,1,0,0,0,0,0,0,0,0,0,1,0,0,0,0,0,0,0
2023,2023-07-29,40062,0,大関,173,30.2,6.0,2.3,1,4,0,40,0,40062,1.0,0,0,1,0,0,0,0,0,0,0,1,0,0,0,0,0,0,0
2023,2023-07-30,39512,1,和田,252,30.2,0.0,2.2,6,5,0,41,1,40062,0.9862712795167491,0,0,0,1,0,0,0,0,0,0,1,0,0,0,0,0,0,0
2023,2023-08-08,35203,0,有原,228,30.5,0.0,5.3,3,9,0,42,1,40062,0.8787129948579702,0,0,0,0,0,1,0,0,0,0,0,0,0,0,0,1,0,0
2023,2023-08-10,37974,1,和田,202,28.6,31.5,6.2,11,4,0,43,0,40062,0.9478807847835854,0,0,0,0,1,0,0,0,0,0,0,0,0,0,0,1,0,0
2023,2023-08-11,34003,1,石川,203,29.4,0.0,2.7,7,4,1,44,1,40062,0.8487594228945134,1,0,0,0,0,0,0,0,0,0,0,0,0,0,1,0,0,0
2023,2023-08-12,35736,0,高橋礼,180,28.9,0.0,2.6,0,9,0,45,1,40062,0.8920173730717388,0,0,1,0,0,0,0,0,0,0,0,0,0,0,1,0,0,0
2023,2023-08-13,38449,0,スチュワート・ジュニア,185,28.2,0.0,3.0,3,5,0,46,1,40062,0.9597374070191204,0,0,0,1,0,0,0,0,0,0,0,0,0,0,1,0,0,0
2023,2023-08-18,34747,1,石川,156,29.1,0.0,2.3,8,0,0,47,1,40062,0.8673306375118566,1,0,0,0,0,0,0,0,0,0,0,0,0,0,0,0,1,0
2023,2023-08-19,36050,1,板東,157,30.1,0.0,3.0,3,2,0,48,1,40062,0.8998552244021766,0,0,1,0,0,0,0,0,0,0,0,0,0,0,0,0,1,0
2023,2023-08-20,35004,0,高橋礼,218,30.1,0.0,2.3,4,6,0,49,1,40062,0.8737456941740303,0,0,0,1,0,0,0,0,0,0,0,0,0,0,0,0,1,0
2023,2023-08-30,37392,0,有原,212,29.3,7.0,2.2,4,8,0,50,0,40062,0.933353302381309,0,0,0,0,0,0,1,0,1,0,0,0,0,0,0,0,0,0
2023,2023-08-31,34816,1,和田,164,28.9,0.0,3.4,1,0,0,51,1,40062,0.8690529678997554,0,0,0,0,1,0,0,0,1,0,0,0,0,0,0,0,0,0
2023,2023-09-05,36046,0,スチュワート・ジュニア,220,26.7,30.0,4.2,1,7,0,52,0,40062,0.8997553791622984,0,0,0,0,0,1,0,0,0,0,1,0,0,0,0,0,0,0
2023,2023-09-06,35109,1,有原,144,26.7,0.5,4.9,3,0,0,53,0,40062,0.8763666317208327,0,0,0,0,0,0,1,0,0,0,1,0,0,0,0,0,0,0
2023,2023-09-07,36898,1,東浜,187,27.2,0.0,4.8,7,3,0,54,1,40062,0.9210224152563526,0,0,0,0,1,0,0,0,0,0,1,0,0,0,0,0,0,0
2023,2023-09-08,34795,0,石川,228,26.8,0.0,4.0,6,8,0,55,1,40062,0.8685287803903949,1,0,0,0,0,0,0,0,0,0,0,0,0,0,0,1,0,0
2023,2023-09-09,38331,1,和田,201,26.8,0.0,3.0,7,2,0,56,1,40062,0.9567919724427137,0,0,1,0,0,0,0,0,0,0,0,0,0,0,0,1,0,0
2023,2023-09-10,38139,0,板東,253,27.2,0.0,2.2,4,6,0,57,1,40062,0.9519994009285607,0,0,0,1,0,0,0,0,0,0,0,0,0,0,0,1,0,0
2023,2023-09-21,35578,1,有原,172,27.9,0.0,3.9,4,2,0,58,1,40062,0.8880734860965503,0,0,0,0,1,0,0,0,0,0,1,0,0,0,0,0,0,0
2023,2023-09-23,36804,0,森,202,25.3,0.0,4.0,1,6,1,59,1,40062,0.9186760521192152,0,0,1,0,0,0,0,0,1,0,0,0,0,0,0,0,0,0
2023,2023-09-29,34431,1,有原,163,25.7,0.0,2.5,1,0,0,60,1,40062,0.8594428635614797,1,0,0,0,0,0,0,0,0,0,0,0,0,0,0,0,1,0
2023,2023-09-30,35456,1,板東,181,24.7,1.0,2.5,3,2,0,61,0,40062,0.8850282062802656,0,0,1,0,0,0,0,0,0,0,0,0,0,0,1,0,0,0
2023,2023-10-01,38748,0,石川,172,23.8,0.0,3.3,3,4,0,62,1,40062,0.9672008387000149,0,0,0,1,0,0,0,0,0,0,0,0,0,0,1,0,0,0
2023,2023-10-02,37413,1,大関,183,23.0,0.0,3.3,6,0,0,63,1,40062,0.9338774898906694,0,1,0,0,0,0,0,0,0,0,0,0,0,0,0,1,0,0
2023,2023-10-03,38597,1,和田,183,22.3,0.0,1.6,7,3,0,64,1,40062,0.9634316808946134,0,0,0,0,0,1,0,0,0,0,0,0,0,0,0,1,0,0
2024,2024-04-02,39191,1,大関,151,18.1,9.5,2.2,2,0,0,1,0,40142,0.9763091026854666,0,0,0,0,0,1,0,0,0,0,1,0,0,0,0,0,0,0
2024,2024-04-03,38797,0,東浜,255,17.3,62.0,3.2,2,4,0,2,0,40142,0.9664939464899607,0,0,0,0,0,0,1,0,0,0,1,0,0,0,0,0,0,0
2024,2024-04-04,38969,1,大津,170,14.8,1.5,4.4,8,1,0,3,0,40142,0.970778735489014,0,0,0,0,1,0,0,0,0,0,1,0,0,0,0,0,0,0
2024,2024-04-19,40142,1,東浜,226,18.5,0.0,2.0,9,7,0,4,1,40142,1.0,1,0,0,0,0,0,0,0,1,0,0,0,0,0,0,0,0,0
2024,2024-04-20,38814,1,モイネロ,286,18.2,7.5,2.8,3,3,0,5,0,40142,0.9669174430770764,0,0,1,0,0,0,0,0,1,0,0,0,0,0,0,0,0,0
2024,2024-04-21,40142,0,スチュワート・ジュニア,172,17.9,18.0,2.3,1,3,0,6,0,40142,1.0,0,0,0,1,0,0,0,0,1,0,0,0,0,0,0,0,0,0
2024,2024-04-27,38189,1,モイネロ,205,19.2,0.5,2.1,2,1,0,7,0,40142,0.951347715609586,0,0,1,0,0,0,0,0,0,0,0,0,0,0,0,0,1,0
2024,2024-04-28,39024,1,東浜,276,20.8,0.0,1.8,3,2,0,8,1,40142,0.9721488715061531,0,0,0,1,0,0,0,0,0,0,0,0,0,0,0,0,1,0
2024,2024-04-29,40142,1,スチュワート・ジュニア,186,21.4,13.5,2.1,5,4,1,9,0,40142,1.0,0,1,0,0,0,0,0,0,0,0,0,0,0,0,0,0,1,0
2024,2024-04-30,40142,1,有原,157,18.1,1.0,3.3,8,0,0,10,0,40142,1.0,0,0,0,0,0,1,0,0,0,0,0,0,0,0,0,1,0,0
2024,2024-05-01,40142,0,大関,198,16.1,4.0,4.2,3,4,0,11,0,40142,1.0,0,0,0,0,0,0,1,0,0,0,0,0,0,0,0,1,0,0
2024,2024-05-06,38785,1,和田,180,20.9,3.5,3.9,9,4,1,12,0,40142,0.9661950077225848,0,1,0,0,0,0,0,0,0,0,0,0,0,0,1,0,0,0
2024,2024-05-07,40065,1,有原,227,19.3,0.0,3.8,2,1,0,13,1,40142,0.9980818095760052,0,0,0,0,0,1,0,0,0,0,0,0,0,0,1,0,0,0
2024,2024-05-08,40142,1,石川,141,16.0,0.0,5.6,3,1,0,14,1,40142,1.0,0,0,0,0,0,0,1,0,0,0,0,0,0,0,1,0,0,0
2024,2024-05-17,38798,1,モイネロ,196,21.1,0.0,2.8,6,2,0,15,1,40142,0.9665188580539086,1,0,0,0,0,0,0,0,0,0,0,0,0,0,0,0,1,0
2024,2024-05-18,40142,1,大津,173,21.5,0.0,2.3,3,2,0,16,1,40142,1.0,0,0,1,0,0,0,0,0,0,0,0,0,0,0,0,0,1,0
2024,2024-05-19,40142,1,大関,157,23.0,0.0,2.3,2,1,0,17,1,40142,1.0,0,0,0,1,0,0,0,0,0,0,0,0,0,0,0,0,1,0
2024,2024-05-21,40142,1,有原,170,21.0,0.0,3.2,21,0,0,18,1,40142,1.0,0,0,0,0,0,1,0,0,0,0,0,0,0,0,0,1,0,0
2024,2024-05-31,39472,1,モイネロ,162,19.8,4.0,2.1,2,1,0,19,0,40142,0.9833092521548503,1,0,0,0,0,0,0,0,0,0,0,0,0,1,0,0,0,0
2024,2024-06-01,39276,1,大津,155,20.9,0.0,2.6,2,0,0,20,1,40142,0.9784265856210453,0,0,1,0,0,0,0,0,0,0,0,0,0,1,0,0,0,0
2024,2024-06-02,39586,1,和田,213,20.2,0.0,3.3,5,3,0,21,1,40142,0.9861491704449206,0,0,0,1,0,0,0,0,0,0,0,0,0,1,0,0,0,0
2024,2024-06-11,40142,1,有原,156,24.0,0.0,2.1,4,2,0,22,1,40142,1.0,0,0,0,0,0,1,0,0,0,1,0,0,0,0,0,0,0,0
2024,2024-06-12,40142,0,大津,180,25.2,0.0,2.4,3,9,0,23,1,40142,1.0,0,0,0,0,0,0,1,0,0,1,0,0,0,0,0,0,0,0
2024,2024-06-13,40142,1,大関,201,25.9,0.0,2.4,6,3,0,24,1,40142,1.0,0,0,0,0,1,0,0,0,0,1,0,0,0,0,0,0,0,0
2024,2024-06-14,39006,1,モイネロ,151,26.3,0.0,2.4,2,0,0,25,1,40142,0.9717004633550894,1,0,0,0,0,0,0,0,0,0,0,0,0,0,0,0,0,1
2024,2024-06-15,40142,1,東浜,190,26.6,0.0,2.4,6,2,0,26,1,40142,1.0,0,0,1,0,0,0,0,0,0,0,0,0,0,0,0,0,0,1
2024,2024-06-16,40142,0,石川,166,26.4,0.0,2.9,1,4,0,27,1,40142,1.0,0,0,0,1,0,0,0,0,0,0,0,0,0,0,0,0,0,1
2024,2024-06-22,38901,1,大津,154,26.9,14.0,3.4,3,1,0,28,0,40142,0.9690847491405511,0,0,1,0,0,0,0,0,0,0,1,0,0,0,0,0,0,0
2024,2024-06-23,39787,1,モイネロ,241,27.2,23.5,3.2,6,6,0,29,0,40142,0.9911563947984654,0,0,0,1,0,0,0,0,0,0,1,0,0,0,0,0,0,0
2024,2024-07-04,38160,0,大関,170,30.6,0.0,3.7,0,4,0,30,1,40142,0.9506252802550944,0,0,0,0,1,0,0,0,0,0,0,0,0,0,0,0,1,0
2024,2024-07-05,39197,0,和田,177,30.5,0.0,5.0,1,5,0,31,1,40142,0.9764585720691545,1,0,0,0,0,0,0,0,0,0,0,0,0,0,0,1,0,0
2024,2024-07-06,38974,0,大津,196,31.5,0.0,4.7,0,4,0,32,1,40142,0.9709032933087539,0,0,1,0,0,0,0,0,0,0,0,0,0,0,0,1,0,0
2024,2024-07-07,39021,1,モイネロ,172,31.9,0.0,4.6,5,3,0,33,1,40142,0.9720741368143092,0,0,0,1,0,0,0,0,0,0,0,0,0,0,0,1,0,0
2024,2024-07-15,39802,0,大関,179,25.8,25.0,2.8,5,8,1,34,0,40142,0.9915300682576852,0,1,0,0,0,0,0,0,0,0,1,0,0,0,0,0,0,0
2024,2024-07-16,39568,1,有原,169,27.3,15.0,2.1,4,1,0,35,0,40142,0.9857007622938568,0,0,0,0,0,1,0,0,0,0,1,0,0,0,0,0,0,0
2024,2024-07-17,40142,1,大山,171,29.7,0.0,2.3,6,4,0,36,1,40142,1.0,0,0,0,0,0,0,1,0,0,0,1,0,0,0,0,0,0,0
2024,2024-07-26,39296,1,スチュワート・ジュニア,163,31.1,0.0,3.0,5,1,0,37,1,40142,0.978924816900005,1,0,0,0,0,0,0,0,1,0,0,0,0,0,0,0,0,0
2024,2024-07-27,40142,1,有原,144,32.0,0.0,3.5,3,0,0,38,1,40142,1.0,0,0,1,0,0,0,0,0,1,0,0,0,0,0,0,0,0,0
2024,2024-07-28,40142,1,大関,181,31.3,0.0,2.7,4,1,0,39,1,40142,1.0,0,0,0,1,0,0,0,0,1,0,0,0,0,0,0,0,0,0
2024,2024-08-02,40142,1,スチュワート・ジュニア,180,32.1,0.0,2.7,6,4,0,40,1,40142,1.0,1,0,0,0,0,0,0,0,0,0,0,0,0,0,1,0,0,0
2024,2024-08-03,40142,0,有原,221,32.3,0.0,2.7,7,8,0,41,1,40142,1.0,0,0,1,0,0,0,0,0,0,0,0,0,0,0,1,0,0,0
2024,2024-08-04,40142,1,大関,166,32.3,0.0,2.9,3,2,0,42,1,40142,1.0,0,0,0,1,0,0,0,0,0,0,0,0,0,0,1,0,0,0
2024,2024-08-10,38955,0,有原,210,30.6,0.0,4.3,6,13,0,43,1,40142,0.9704299735937422,0,0,1,0,0,0,0,0,0,0,0,0,0,0,0,1,0,0
2024,2024-08-11,40142,1,スチュワート・ジュニア,179,29.8,0.0,3.5,5,2,1,44,1,40142,1.0,0,0,0,1,0,0,0,0,0,0,0,0,0,0,0,1,0,0
2024,2024-08-12,39732,1,大関,201,29.6,0.0,3.4,14,4,1,45,1,40142,0.9897862587813263,0,1,0,0,0,0,0,0,0,0,0,0,0,0,0,1,0,0
2024,2024-08-16,40048,1,有原,132,30.1,0.0,3.7,4,0,0,46,1,40142,0.9976583129888894,1,0,0,0,0,0,0,0,0,0,1,0,0,0,0,0,0,0
2024,2024-08-17,39640,0,スチュワート・ジュニア,179,29.9,0.0,4.2,2,5,0,47,1,40142,0.9874943948981117,0,0,1,0,0,0,0,0,0,0,1,0,0,0,0,0,0,0
2024,2024-08-18,40021,1,松本晴,184,30.1,0.0,2.5,2,1,0,48,1,40142,0.9969857007622939,0,0,0,1,0,0,0,0,0,0,1,0,0,0,0,0,0,0
2024,2024-08-27,40142,1,モイネロ,186,31.5,3.0,2.5,3,1,0,49,0,40142,1.0,0,0,0,0,0,1,0,0,1,0,0,0,0,0,0,0,0,0
2024,2024-09-03,40142,0,モイネロ,187,28.4,0.0,3.5,3,6,0,50,1,40142,1.0,0,0,0,0,0,1,0,0,0,0,0,0,0,0,1,0,0,0
2024,2024-09-04,40142,0,大関,210,28.1,0.0,3.1,5,8,0,51,1,40142,1.0,0,0,0,0,0,0,1,0,0,0,0,0,0,0,1,0,0,0
2024,2024-09-06,39937,0,有原,188,29.0,0.0,2.3,0,1,0,52,1,40142,0.9948931293906631,1,0,0,0,0,0,0,0,0,0,0,0,0,0,0,0,1,0
2024,2024-09-07,38751,0,スチュワート・ジュニア,210,29.4,0.0,2.3,2,3,0,53,1,40142,0.9653480145483534,0,0,1,0,0,0,0,0,0,0,0,0,0,0,0,0,1,0
2024,2024-09-08,39199,1,松本晴,174,29.3,0.0,2.5,3,1,0,54,1,40142,0.9765083951970505,0,0,0,1,0,0,0,0,0,0,0,0,0,0,0,0,1,0
2024,2024-09-17,38153,0,スチュワート・ジュニア,207,30.5,0.0,2.3,2,3,0,55,1,40142,0.9504508993074585,0,0,0,0,0,1,0,0,0,0,0,0,0,0,1,0,0,0
2024,2024-09-18,40035,0,大関,177,31.2,0.0,2.5,0,3,0,56,1,40142,0.9973344626575656,0,0,0,0,0,0,1,0,0,0,0,0,0,0,1,0,0,0
2024,2024-09-20,39345,1,有原,157,31.7,0.0,2.9,4,0,0,57,1,40142,0.9801454835334562,1,0,0,0,0,0,0,0,1,0,0,0,0,0,0,0,0,0
2024,2024-09-21,40142,1,モイネロ,171,29.6,23.5,3.7,3,2,0,58,0,40142,1.0,0,0,1,0,0,0,0,0,0,0,0,0,0,0,0,1,0,0
2024,2024-09-22,40142,1,大津,213,26.1,56.5,3.7,11,5,1,59,0,40142,1.0,0,0,0,1,0,0,0,0,0,0,0,0,0,0,0,1,0,0
2024,2024-09-25,38235,1,スチュワート・ジュニア,161,26.3,0.0,2.3,2,0,0,60,1,40142,0.9524936475511933,0,0,0,0,0,0,1,0,0,0,0,0,0,0,0,0,1,0
2024,2024-09-26,33333,0,有原,201,27.1,0.0,2.7,2,4,0,61,1,40142,0.8303771610781725,0,0,0,0,1,0,0,0,0,0,0,0,0,0,0,0,1,0
2024,2024-09-30,34132,1,モイネロ,155,26.3,0.0,2.4,1,0,0,62,1,40142,0.8502815006726122,0,1,0,0,0,0,0,0,1,0,0,0,0,0,0,0,0,0
2024,2024-10-01,35002,1,前田悠,189,26.4,0.0,2.2,8,6,0,63,1,40142,0.8719545613073588,0,0,0,0,0,1,0,0,1,0,0,0,0,0,0,0,0,0
2024,2024-10-03,36777,1,有原,172,20.8,4.0,1.1,4,2,0,64,0,40142,0.9161725873150316,0,0,0,0,1,0,0,0,0,0,0,0,0,0,0,1,0,0
2024,2024-10-04,39590,1,大津,154,22.3,1.5,3.8,1,0,0,65,0,40142,0.9862488167007125,1,0,0,0,0,0,0,0,0,0,1,0,0,0,0,0,0,0
