îNåéì˙,ïΩãœãCâ∑(Åé),ç~êÖó ÇÃçáåv(mm),ïΩãœïóë¨(m/s)
2015/1/6,12.3,2.5,4.2
2015/1/7,7.2,0,4.3
2015/1/8,6.1,0,2.9
2015/1/9,6.2,0,2.8
2015/1/10,8.5,0,3.6
2015/1/11,9.4,0,3.8
2015/1/12,6.7,0,4
2015/1/13,7.8,0,1.9
2015/1/14,8.3,9,1.5
2015/1/15,9.6,33,4.2
2015/1/16,8.9,0,2.5
2015/1/17,7.2,0,5.2
2015/1/18,6.1,0,2.3
2015/1/19,9,0.5,4
2015/1/20,8.2,0,1.9
2015/1/21,9.9,4.5,1.9
2015/1/22,8.8,7.5,4.9
2015/1/23,7.8,0.5,4.5
2015/1/24,7.5,0,2.2
2015/1/25,9.7,0,2
2015/1/26,12,5.5,2.6
2015/1/27,10.9,0,3.6
2015/1/28,8.1,0,4.3
2015/1/29,5.7,7,2.3
2015/1/30,6.7,8.5,3
2015/1/31,5.8,0.5,4.8
2015/2/1,5.7,0,1.9
2015/2/2,5.6,0,1.9
2015/2/3,6.7,0,2
2015/2/4,7.3,2,2.7
2015/2/5,5.7,12.5,4.6
2015/2/6,5.6,2,2.1
2015/2/7,6.7,0,2.1
2015/2/8,5.2,0.5,4.8
2015/2/9,1.9,0,4.8
2015/2/10,6.6,0,3.2
2015/2/11,9.2,0,2.3
2015/2/12,8,0.5,3.3
2015/2/13,6.1,0,4.2
2015/2/14,6.8,0,2.3
2015/2/15,8.3,0,1.9
2015/2/16,10.7,4.5,2
2015/2/17,9.9,0,3.2
2015/2/18,8.2,0,3.8
2015/2/19,6.3,8,3.3
2015/2/20,7.8,0,2.9
2015/2/21,9.5,3,3.3
2015/2/22,12.6,0.5,2.9
2015/2/23,9.6,0,2
2015/2/24,9,0,2.2
2015/2/25,9.2,0,1.7
2015/2/26,10.1,3,2.4
2015/2/27,6.8,0,5.6
2015/2/28,7.5,6,2.2
2015/3/1,8.1,20,3.2
2015/3/2,8.1,0,2.6
2015/3/3,7.5,8.5,1.9
2015/3/4,7.1,0,3.4
2015/3/5,7,0,3.4
2015/3/6,7.4,0,2.4
2015/3/7,8.1,0,2.7
2015/3/8,9.9,0,2.8
2015/3/9,10,20.5,3.8
2015/3/10,3.7,0,5.7
2015/3/11,6.9,0,4.1
2015/3/12,8.3,0,4
2015/3/13,9.4,0,2.8
2015/3/14,10.9,15.5,2.9
2015/3/15,11.1,2.5,2.2
2015/3/16,12.6,0,1.6
2015/3/17,15.6,0,1.8
2015/3/18,17.7,15,3.3
2015/3/19,13.1,12.5,3.8
2015/3/20,13.4,0,2.9
2015/3/21,14.7,0,1.8
2015/3/22,13.8,0,2.8
2015/3/23,12,0,4.3
2015/3/24,9.8,0,4.8
2015/3/25,9.1,0,2.8
2015/3/26,10.1,0,2.1
2015/3/27,12.2,0,1.7
2015/3/28,16.1,0,2.2
2015/3/29,16.1,0,2.5
2015/3/30,15.8,0,1.9
2015/3/31,17.1,0,2.8
2015/4/1,16.1,3.5,3.2
2015/4/2,19.4,0,3
2015/4/3,19.6,48.5,3.5
2015/4/4,15.3,0,2
2015/4/5,16,8.5,2.3
2015/4/6,14,13.5,3.6
2015/4/7,12.3,1.5,5.8
2015/4/8,11.9,0,5.4
2015/4/9,12.2,1.5,2.8
2015/4/10,12.5,36.5,2.9
2015/4/11,14.4,0,4.7
2015/4/12,15.2,10,2.2
2015/4/13,13.6,40,2.5
2015/4/14,12.5,3,3
2015/4/15,13.9,4,3.5
2015/4/16,18.1,0,3.8
2015/4/17,15,0,3.7
2015/4/18,16.1,6.5,2.2
2015/4/19,19.4,9.5,3.6
2015/4/20,15.4,1.5,3.9
2015/4/21,14.4,0,4.8
2015/4/22,16.3,0,2.4
2015/4/23,16.6,0,2.4
2015/4/24,17.2,0,2.4
2015/4/25,17,0,2.2
2015/4/26,19.2,0,2.2
2015/4/27,19.9,0,2.6
2015/4/28,20.6,0,2.5
2015/4/29,21.5,35,3
2015/4/30,19.7,16.5,2.5
2015/5/1,21.3,0,2.3
2015/5/2,21.9,0,2.3
2015/5/3,19.9,20,3.3
2015/5/4,20.4,1,2.9
2015/5/5,18.7,0,3.1
2015/5/6,17.5,0,2
2015/5/7,17.9,4,2.6
2015/5/8,19.5,0,2.3
2015/5/9,18.8,4,2.7
2015/5/10,19.1,0,2.8
2015/5/11,21.2,0,2.5
2015/5/12,17.8,34.5,4.1
2015/5/13,22.3,0,4.6
2015/5/14,23.5,0,4.1
2015/5/15,22.9,2.5,2
2015/5/16,17.9,24,3.1
2015/5/17,19.5,0,2.2
2015/5/18,20.2,26,2.9
2015/5/19,20.3,0,2.7
2015/5/20,19.6,0,2.9
2015/5/21,19,0,2.5
2015/5/22,21.3,0,2.5
2015/5/23,20.8,0,1.9
2015/5/24,21.4,0,2.1
2015/5/25,21.9,0,2.3
2015/5/26,23.2,0,2.3
2015/5/27,23.6,0,2.4
2015/5/28,23.9,0,1.8
2015/5/29,23.9,0,2.8
2015/5/30,21.6,4.5,2.1
2015/5/31,21.6,0,4
2015/6/1,22.6,0,2.2
2015/6/2,23.4,43,2
2015/6/3,21.9,34,2.8
2015/6/4,22,0,2.8
2015/6/5,18.1,35.5,2.5
2015/6/6,20.3,0,4.2
2015/6/7,21.2,0,2
2015/6/8,21.6,13,2.8
2015/6/9,21.1,3,2.4
2015/6/10,22.4,1,1.7
2015/6/11,23.8,21,2.4
2015/6/12,25.5,0,2.4
2015/6/13,24.2,0,3.6
2015/6/14,23.9,0,2.7
2015/6/15,24.5,0,2.7
2015/6/16,22.6,1,2.3
2015/6/17,21.9,1.5,1.6
2015/6/18,20.9,11.5,2.4
2015/6/19,21.6,5,3.6
2015/6/20,22.2,1,3.6
2015/6/21,22.8,0,3.3
2015/6/22,22,0,1.8
2015/6/23,23.6,0,1.7
2015/6/24,23.5,1.5,1.4
2015/6/25,24.9,1.5,2.3
2015/6/26,26.3,8,4
2015/6/27,21,8.5,3.1
2015/6/28,22.2,0,4.5
2015/6/29,23.5,0,2.2
2015/6/30,23.5,32.5,2.4
2015/7/1,22.7,51.5,2.6
2015/7/2,22.8,0,2
2015/7/3,23.9,0,2.2
2015/7/4,21.6,7.5,1.5
2015/7/5,21.8,0,2.2
2015/7/6,23,2.5,1.8
2015/7/7,23.2,37,1.8
2015/7/8,24.3,12,1.8
2015/7/9,25.9,0,2.4
2015/7/10,25.8,0,2.2
2015/7/11,26.8,18,1.8
2015/7/12,28.3,1,4.3
2015/7/13,26.9,9.5,3.5
2015/7/14,26,1,2.3
2015/7/15,27.1,0,3.1
2015/7/16,23,2.5,8.4
2015/7/17,19.5,31.5,5.1
2015/7/18,22.7,0,2.1
2015/7/19,26.3,13.5,1.6
2015/7/20,27.4,2.5,2
2015/7/21,26.2,9.5,2.1
2015/7/22,25.4,46.5,2.6
2015/7/23,28.4,15.5,3
2015/7/24,29.8,0,3
2015/7/25,29.1,0,2.5
2015/7/26,28.8,1.5,2.9
2015/7/27,29.1,2.5,2.6
2015/7/28,29.7,0.5,2.1
2015/7/29,30.4,0,2.3
2015/7/30,29.9,0,2.5
2015/7/31,29.4,0,2.6
2015/8/1,29.2,0,2.8
2015/8/2,29.1,0,2.5
2015/8/3,29,0,2.2
2015/8/4,29.4,0,2.6
2015/8/5,29.9,0,2.5
2015/8/6,31.2,0,2.5
2015/8/7,31.3,0,2.4
2015/8/8,30.6,0,2.7
2015/8/9,29.5,0,2.5
2015/8/10,29.9,0,2.4
2015/8/11,29.6,0,2.6
2015/8/12,26.1,43.5,3.1
2015/8/13,26.3,3,3.2
2015/8/14,27.1,0,2.3
2015/8/15,27.5,0,2.5
2015/8/16,27.3,64.5,1.8
2015/8/17,26.5,13,3
2015/8/18,27.4,0,3.2
2015/8/19,26.8,3.5,1.9
2015/8/20,25.8,24,1.8
2015/8/21,27.7,33.5,3.2
2015/8/22,27,0.5,2.8
2015/8/23,27,0,2.7
2015/8/24,26.1,4.5,1.9
2015/8/25,23.6,75.5,5.9
2015/8/26,24.3,1,2.1
2015/8/27,25.7,0,2.3
2015/8/28,25.5,11,2.1
2015/8/29,24.4,2.5,1.8
2015/8/30,25,0,1.8
2015/8/31,23.8,39.5,1.7
2015/9/1,25.3,20.5,3
2015/9/2,24.7,3,2
2015/9/3,24.9,8,2.7
2015/9/4,25.5,0,2.8
2015/9/5,24.2,9.5,1.6
2015/9/6,22.8,13.5,3
2015/9/7,23.7,2,6
2015/9/8,23.5,0,6.3
2015/9/9,22.3,4,7.8
2015/9/10,22.3,12,5.3
2015/9/11,22.1,0,2.2
2015/9/12,22.4,4,2.4
2015/9/13,22.3,0,2.8
2015/9/14,21.5,0,1.9
2015/9/15,22.6,0,2.1
2015/9/16,21.3,21,1.5
2015/9/17,23,5.5,2.1
2015/9/18,23.1,0,4.9
2015/9/19,22.2,0,3.4
2015/9/20,22.1,0,2.9
2015/9/21,23,0,2.3
2015/9/22,23.5,0,1.9
2015/9/23,24,24,1.6
2015/9/24,23.6,13.5,3.3
2015/9/25,23.6,0.5,4
2015/9/26,23.7,0,3.1
2015/9/27,24.3,0,3.5
2015/9/28,24.2,0,2.9
2015/9/29,24.1,0,3.7
2015/9/30,21,5,1.7
2015/10/1,23.5,67.5,4.3
2015/10/2,20.3,0,3.3
2015/10/3,20,0,2.2
2015/10/4,20.7,0,3.4
2015/10/5,19.8,0,2.6
2015/10/6,19.2,0,3.5
2015/10/7,19.2,0,2.6
2015/10/8,18.7,0,1.7
2015/10/9,19.5,0,2.5
2015/10/10,18.2,0,1.8
2015/10/11,18.4,3,3.4
2015/10/12,18,1.5,2.5
2015/10/13,17.9,0,2.9
2015/10/14,18,0,2.1
2015/10/15,19,0,1.8
2015/10/16,19.4,0,2.2
2015/10/17,19.3,0,2.8
2015/10/18,18.9,0,2
2015/10/19,19.2,0,2
2015/10/20,19.8,0,2.2
2015/10/21,20.2,0,2
2015/10/22,19.8,0,2.8
2015/10/23,19.5,0,1.9
2015/10/24,19.7,0,1.9
2015/10/25,18.9,0,4.3
2015/10/26,18,0,2.1
2015/10/27,19,11,3.1
2015/10/28,16.4,0,4.2
2015/10/29,16.1,0,1.9
2015/10/30,16.1,0,2.4
2015/10/31,14.4,0,3.3
2015/11/1,13.4,5,1.3
2015/11/2,14.9,1,2.2
2015/11/3,14.9,0,2.1
2015/11/4,16,0,1.9
2015/11/5,18.7,0,1.8
2015/11/6,18.7,0,2.4
2015/11/7,20.2,6,1.9
2015/11/8,22.9,11,4.4
2015/11/9,18.5,3.5,2.2
2015/11/10,16.8,0,3.6
2015/11/11,16.1,0,2
2015/11/12,17.3,0,1.8
2015/11/13,16.8,8,1.9
2015/11/14,19.2,4.5,1.7
2015/11/15,18.1,2,2.3
2015/11/16,18.1,0,2.2
2015/11/17,18.6,41,2.5
2015/11/18,17.5,36.5,3.6
2015/11/19,16.8,0,4
2015/11/20,17,0,1.8
2015/11/21,16.9,0,1.6
2015/11/22,17,0,1.8
2015/11/23,16.6,8,2.4
2015/11/24,15.6,0,4.1
2015/11/25,13.2,4,2.2
2015/11/26,9.2,9,4.3
2015/11/27,9.4,1,4.5
2015/11/28,10.8,0,2.9
2015/11/29,9.8,0,1.3
2015/11/30,12,0,2
2015/12/1,12.2,0,1.8
2015/12/2,12.5,18.5,2
2015/12/3,10.2,9,4.5
2015/12/4,9.8,0,4.8
2015/12/5,11.1,0,2.8
2015/12/6,11.2,0,1.3
2015/12/7,11.8,0,1.9
2015/12/8,11.2,0,1.9
2015/12/9,12.7,0,2.2
2015/12/10,14.5,28.5,2.1
2015/12/11,13.4,15.5,5.1
2015/12/12,12,0,3
2015/12/13,10.6,2.5,1.2
2015/12/14,12.3,0,1.6
2015/12/15,13.4,4,2.1
2015/12/16,10.1,0,4.1
2015/12/17,6.1,0,4.9
2015/12/18,6,0,1.9
2015/12/19,8,0,1.8
2015/12/20,8.7,4,1.6
2015/12/21,11.9,5.5,1.7
2015/12/22,11.3,0,1.6
2015/12/23,11.5,14,1.4
2015/12/24,12.2,2,1.4
2015/12/25,10.4,0,3.7
2015/12/26,7.8,0,1.9
2015/12/27,9.6,0,1.8
2015/12/28,8,0,3.2
2015/12/29,6.5,0,2.9
2015/12/30,7,0,1.9
2015/12/31,6.1,6,1.8
2016/1/1,7.3,0,2.1
2016/1/2,11.6,0,2.2
2016/1/3,11.6,1,1.3
2016/1/4,11,0,1.8
2016/1/5,9.9,1,1.5
2016/1/6,9.5,0,1.4
2016/1/7,9.1,0,3.6
2016/1/8,7.5,0,3.8
2016/1/9,7.9,0,2.4
2016/1/10,7.9,0,2
2016/1/11,8.3,0,2.3
2016/1/12,7.5,1,2.2
2016/1/13,5.8,2,3.2
2016/1/14,6.7,0,3.4
2016/1/15,5.8,0,1.7
2016/1/16,7.5,0,1.9
2016/1/17,7.1,25.5,1.8
2016/1/18,6.7,9,5.3
2016/1/19,2.3,3,6.6
2016/1/20,2.7,0,3.3
2016/1/21,2.8,0,2.1
2016/1/22,5.8,2,2.3
2016/1/23,3.5,7,3.3
2016/1/24,-2,1,6.3
2016/1/25,1.2,0,2.8
2016/1/26,4.4,1,1.9
2016/1/27,6.6,0,1.6
2016/1/28,8.3,6,1.4
2016/1/29,11,31,2.1
2016/1/30,10.8,1,3.5
2016/1/31,9.5,0.5,2.1
2016/2/1,7.3,0.5,2.2
2016/2/2,6.3,0,2.7
2016/2/3,6.8,2,2.4
2016/2/4,6.4,0,2.3
2016/2/5,6.5,0,1.9
2016/2/6,6.1,0,3.7
2016/2/7,4.6,2.5,1.7
2016/2/8,6.5,0,2.8
2016/2/9,9.5,0,4.2
2016/2/10,7.6,0,2.1
2016/2/11,10.4,0,1.8
2016/2/12,14.9,0,3.4
2016/2/13,17.1,30.5,3
2016/2/14,10.4,0.5,4.8
2016/2/15,4.2,0,4.7
2016/2/16,5.1,0.5,3.7
2016/2/17,5.6,0,2.9
2016/2/18,6.7,0,2.1
2016/2/19,10.3,0.5,1.7
2016/2/20,9,32,3.1
2016/2/21,6.7,3.5,4.7
2016/2/22,6.4,2,1.5
2016/2/23,8.3,2,2.1
2016/2/24,7.4,12,4.1
2016/2/25,4.7,4,3.2
2016/2/26,5.8,0,2.1
2016/2/27,8.9,1.5,2.7
2016/2/28,13,2.5,2.9
2016/2/29,6.4,2,5.7
2016/3/1,4,0,3.2
2016/3/2,7.2,0,2.4
2016/3/3,11.1,0,2.3
2016/3/4,15.4,0,2.3
2016/3/5,17.8,0,3.8
2016/3/6,17.2,1,2.7
2016/3/7,14.7,0,2.1
2016/3/8,13.9,0,2.9
2016/3/9,10.3,39,5
2016/3/10,9.7,0.5,3.9
2016/3/11,6.7,5.5,3.2
2016/3/12,5.9,0,2
2016/3/13,7.1,11,1.3
2016/3/14,8.8,4.5,3.9
2016/3/15,9.9,0,3.2
2016/3/16,11.2,0,1.9
2016/3/17,13.6,0,2.1
2016/3/18,15.6,5,3.3
2016/3/19,14.3,2.5,3.5
2016/3/20,11.6,0,4.5
2016/3/21,10.3,0,3.6
2016/3/22,11.4,0,2.1
2016/3/23,12.5,0,3.3
2016/3/24,10.5,0,5.2
2016/3/25,9.3,0,3.8
2016/3/26,10.1,0,2.7
2016/3/27,10.1,0,2.9
2016/3/28,11.4,0,2.6
2016/3/29,13.8,0,3
2016/3/30,16.3,0,2.5
2016/3/31,15,8.5,1.9
2016/4/1,14.6,0.5,2.7
2016/4/2,17.3,0,1.9
2016/4/3,18.2,4.5,2
2016/4/4,15,15.5,3.9
2016/4/5,15.1,0,2.3
2016/4/6,15.9,2.5,2
2016/4/7,18.5,37.5,3.7
2016/4/8,15.7,0,1.7
2016/4/9,17.2,0,1.8
2016/4/10,16.8,0,2.5
2016/4/11,14.2,0,5.4
2016/4/12,15.6,0,2.4
2016/4/13,17,22,3.6
2016/4/14,17.5,0,2.3
2016/4/15,16.8,0,3.1
2016/4/16,19,2,3.7
2016/4/17,17.5,10,5.1
2016/4/18,15.2,0,2.2
2016/4/19,15.3,0,2.8
2016/4/20,16.6,0,2
2016/4/21,17.8,58,3.1
2016/4/22,18.7,0,2.6
2016/4/23,16.9,2.5,1.8
2016/4/24,16.8,0,2.2
2016/4/25,18,0,1.6
2016/4/26,20.4,0.5,2.2
2016/4/27,18.5,31.5,1.9
2016/4/28,15,9,6.6
2016/4/29,15.1,0,2.8
2016/4/30,18.2,0,2.4
2016/5/1,20.2,0,2.4
2016/5/2,21.5,0,2.3
2016/5/3,18.6,32.5,5.2
2016/5/4,21.4,0,5.4
2016/5/5,21.7,0,2.4
2016/5/6,19.2,10,3.7
2016/5/7,19.8,0,2.5
2016/5/8,20.8,1.5,2
2016/5/9,19,12,1.5
2016/5/10,19.4,22,2.7
2016/5/11,15.5,6.5,4
2016/5/12,18.1,0,2.2
2016/5/13,20,0,2.7
2016/5/14,19.7,0,2.6
2016/5/15,24.2,0,3.3
2016/5/16,17,59.5,3.7
2016/5/17,17.8,0,2.3
2016/5/18,19.3,0,2.2
2016/5/19,22,0,2.2
2016/5/20,23.9,0,2.3
2016/5/21,21.8,0,2.5
2016/5/22,21.3,0,2.2
2016/5/23,23.8,0,2.4
2016/5/24,24.2,15,3.4
2016/5/25,22.1,1.5,2.1
2016/5/26,23.6,0,2.5
2016/5/27,23.2,0,2.5
2016/5/28,20.2,8,1.6
2016/5/29,20.4,23,1.6
2016/5/30,22.1,0,2.4
2016/5/31,23.8,0,2.2
2016/6/1,21.8,0,3.5
2016/6/2,20.4,0,4.3
2016/6/3,21.9,0,2.3
2016/6/4,19.9,22.5,2
2016/6/5,20.1,3,1.7
2016/6/6,22.3,1.5,1.6
2016/6/7,23.4,0,2
2016/6/8,23.4,0,2.3
2016/6/9,23.4,1,2.5
2016/6/10,24.3,0,2.5
2016/6/11,26.5,0,2.2
2016/6/12,23.9,12,2.2
2016/6/13,23.4,0.5,3.7
2016/6/14,24,0,3.3
2016/6/15,25.3,0,2.4
2016/6/16,24.5,11,2.6
2016/6/17,24.1,0,2.6
2016/6/18,25,0,2.5
2016/6/19,26.1,76,2.3
2016/6/20,25.6,49.5,2.6
2016/6/21,25.4,5.5,2.5
2016/6/22,24,129.5,2.3
2016/6/23,24,9.5,2.5
2016/6/24,27.4,1.5,4.4
2016/6/25,23,0.5,2.9
2016/6/26,24.4,0,3.1
2016/6/27,20.8,16,2.2
2016/6/28,21,11,1.2
2016/6/29,23.3,44,1.7
2016/6/30,25,0,1.7
2016/7/1,27.8,0.5,3.5
2016/7/2,30.3,0.5,4.7
2016/7/3,30,1.5,3.2
2016/7/4,30.7,0,3.2
2016/7/5,30.4,0,2.6
2016/7/6,29.8,0,2.8
2016/7/7,28.1,0,2.5
2016/7/8,24.9,41.5,2.4
2016/7/9,26.2,0.5,2.2
2016/7/10,27.1,6.5,1.9
2016/7/11,27.2,13.5,2.1
2016/7/12,28.3,15,2.7
2016/7/13,27.2,93.5,1.9
2016/7/14,28,0,3.6
2016/7/15,26.1,0,4.7
2016/7/16,28.2,6,3.1
2016/7/17,27.2,0.5,3.1
2016/7/18,27.1,0,2.5
2016/7/19,27.4,0,2.9
2016/7/20,27.3,0,3
2016/7/21,26.7,0,3.1
2016/7/22,26.2,0,3.1
2016/7/23,27.9,0,2.3
2016/7/24,29.4,0,2.2
2016/7/25,29.3,0,2.3
2016/7/26,28.7,0,2.4
2016/7/27,29.5,0,2.4
2016/7/28,30.2,0,2.5
2016/7/29,30.7,0,2.6
2016/7/30,30.4,0,2.4
2016/7/31,30.5,0,2.5
2016/8/1,30.7,0,2.5
2016/8/2,30.4,0,2.8
2016/8/3,29.9,0,2.8
2016/8/4,30.3,0,2.8
2016/8/5,29.5,11.5,2.5
2016/8/6,28.7,31.5,2.1
2016/8/7,29.8,0,2
2016/8/8,30.3,0,2.6
2016/8/9,30.1,0,3.3
2016/8/10,30,0,2.7
2016/8/11,30.6,0,2.4
2016/8/12,31,0,2.3
2016/8/13,31.3,0,2.4
2016/8/14,31.4,0,2.7
2016/8/15,31.3,0,2.7
2016/8/16,29.7,0,2.5
2016/8/17,29.9,0,3.7
2016/8/18,30.2,0,2.9
2016/8/19,30.7,0,2.7
2016/8/20,29.8,0,4.3
2016/8/21,29.9,0,3.7
2016/8/22,29.9,0,3.9
2016/8/23,29.5,0,4.3
2016/8/24,29.7,0,2.8
2016/8/25,30.6,0,2.3
2016/8/26,28.8,0,4.8
2016/8/27,26.9,0,5
2016/8/28,24.7,56.5,3.3
2016/8/29,22.4,16.5,5.9
2016/8/30,23.9,12,4.5
2016/8/31,26.7,0,4.7
2016/9/1,25.7,1,2.3
2016/9/2,24,10,1.2
2016/9/3,25.9,1.5,1.6
2016/9/4,26.6,1.5,2.3
2016/9/5,26.7,4.5,2.8
2016/9/6,27,0,2.3
2016/9/7,26.5,44.5,2.7
2016/9/8,24.7,5.5,2.2
2016/9/9,25.8,0,2.3
2016/9/10,26.1,0,1.9
2016/9/11,26.6,0,2.2
2016/9/12,22.5,96,2.4
2016/9/13,24.7,0,3.4
2016/9/14,24.9,0,2.1
2016/9/15,25.5,0,2.4
2016/9/16,26.2,0,2
2016/9/17,27.8,8,3.1
2016/9/18,24.7,135,1.5
2016/9/19,23.2,16,3.9
2016/9/20,21.8,2,7.6
2016/9/21,22.9,0,3.2
2016/9/22,22.7,0,1.8
2016/9/23,23.9,0,2.8
2016/9/24,24.5,0,2.1
2016/9/25,25.1,0,1.5
2016/9/26,27.6,0.5,2.1
2016/9/27,27.7,59,2.2
2016/9/28,25,142,1.4
2016/9/29,22.6,54.5,3
2016/9/30,23.4,27,1.5
2016/10/1,24.3,1.5,1.7
2016/10/2,26,0,1.7
2016/10/3,27.2,0,1.8
2016/10/4,27,0,1.8
2016/10/5,26.3,29,4.6
2016/10/6,24,0,3.1
2016/10/7,23.8,0,1.8
2016/10/8,24.3,71,2.5
2016/10/9,20.6,3,4.7
2016/10/10,19.6,0,3.8
2016/10/11,19.5,0,2.4
2016/10/12,20.4,0,3.2
2016/10/13,19.5,0,2.1
2016/10/14,19.9,0,1.9
2016/10/15,19.8,0,2.1
2016/10/16,19.8,24,1.8
2016/10/17,22.5,0,1.8
2016/10/18,22.6,0,2.5
2016/10/19,21.8,0,2.2
2016/10/20,21.2,0,2.4
2016/10/21,19.8,2.5,1.8
2016/10/22,19.1,19,1.7
2016/10/23,19.5,0.5,3.5
2016/10/24,18.6,0,3.4
2016/10/25,21,1,2.3
2016/10/26,21.3,4.5,1.9
2016/10/27,20.3,0,2.5
2016/10/28,20,20.5,3.2
2016/10/29,18.6,3,3.8
2016/10/30,16.9,0,2.2
2016/10/31,15.6,1.5,1.2
2016/11/1,14.2,0,4
2016/11/2,12.8,0,2.1
2016/11/3,13.9,0,2.6
2016/11/4,14.2,0,1.9
2016/11/5,16.4,0,2.2
2016/11/6,17,0,3.3
2016/11/7,14.5,0,2.8
2016/11/8,14.6,10,1.9
2016/11/9,14.2,1.5,5.4
2016/11/10,11.9,19,2.7
2016/11/11,15,0,2.4
2016/11/12,14.4,0,1.7
2016/11/13,17.2,0.5,1.6
2016/11/14,17.8,15.5,2.3
2016/11/15,17.9,0,3.3
2016/11/16,14.6,0,2.2
2016/11/17,14.5,0,1.9
2016/11/18,15.6,8.5,2.3
2016/11/19,20.1,28.5,2.5
2016/11/20,18.3,0,2
2016/11/21,16.7,0.5,1.7
2016/11/22,17.1,0,2.5
2016/11/23,14.2,3.5,2.7
2016/11/24,10,13,4.9
2016/11/25,9.5,0,2.2
2016/11/26,10.8,7,1.6
2016/11/27,12.5,22.5,2.3
2016/11/28,11.6,0,4.2
2016/11/29,10.8,0,2.1
2016/11/30,13,2.5,2
2016/12/1,14.2,0.5,2.8
2016/12/2,11.6,0,2.5
2016/12/3,10.6,0,1.4
2016/12/4,11.3,6.5,1.5
2016/12/5,12.4,0,1.4
2016/12/6,11.3,0,4
2016/12/7,8.8,0,2.4
2016/12/8,10.6,0,1.9
2016/12/9,12.4,3,2.5
2016/12/10,10.6,0,2.1
2016/12/11,9.4,0,2
2016/12/12,11,9,1.7
2016/12/13,12.3,14.5,1.5
2016/12/14,10.8,25.5,3.8
2016/12/15,7.9,13.5,3.8
2016/12/16,6.1,0,4
2016/12/17,7.4,0,1.8
2016/12/18,8.9,0,2.3
2016/12/19,12.4,0,1.7
2016/12/20,14,1,1.8
2016/12/21,16.1,0,2.6
2016/12/22,15.8,13.5,4.8
2016/12/23,9.7,1,5
2016/12/24,9.1,0,2.7
2016/12/25,10.8,0,1.7
2016/12/26,13.3,21.5,1.8
2016/12/27,10.7,22,5.8
2016/12/28,6.8,9.5,2.8
2016/12/29,6.8,0,3.4
2016/12/30,6.6,0,2.1
2016/12/31,7.3,0,2
2017/1/1,8.1,0,1.6
2017/1/2,8.2,0.5,1.7
2017/1/3,9,0,1.8
2017/1/4,9.8,0,2.1
2017/1/5,9.4,0,2.7
2017/1/6,9.2,0,3
2017/1/7,8,8,0.8
2017/1/8,11.1,24.5,2.2
2017/1/9,10.8,1,3.2
2017/1/10,8.2,0,2.5
2017/1/11,6.5,0,3.6
2017/1/12,7.3,0,2.8
2017/1/13,7.8,0.5,5.1
2017/1/14,4.9,0,6.6
2017/1/15,3,0,4.3
2017/1/16,3.9,3,2.5
2017/1/17,5.9,0,1.5
2017/1/18,8.2,0,1.8
2017/1/19,8.8,0,1.2
2017/1/20,6.8,8,5.7
2017/1/21,6.5,0,3.3
2017/1/22,5.1,9.5,4.1
2017/1/23,3.2,2.5,5.5
2017/1/24,3.6,0,3.2
2017/1/25,3.6,0,1.9
2017/1/26,5.7,0,1.8
2017/1/27,8.8,0,2.7
2017/1/28,7.8,0,1.9
2017/1/29,12.2,9,2.1
2017/1/30,10.2,2.5,4.4
2017/1/31,7.8,0.5,2.1
2017/2/1,7.9,0,3.2
2017/2/2,7.8,0,3.2
2017/2/3,7.7,0,2.1
2017/2/4,10.7,1,1.6
2017/2/5,10.6,17.5,3
2017/2/6,8.5,0,5.3
2017/2/7,8.6,0,3.2
2017/2/8,7.5,5.5,1.9
2017/2/9,5.4,8,4.4
2017/2/10,3.1,0,5.6
2017/2/11,3.7,1.5,4.3
2017/2/12,5.2,0,2.6
2017/2/13,5.4,0,2.4
2017/2/14,6.5,0,2.7
2017/2/15,7.5,0,2
2017/2/16,11.3,0,3
2017/2/17,15.2,1.5,3.5
2017/2/18,9.3,0,4.5
2017/2/19,8.7,0,3
2017/2/20,12.9,2.5,5
2017/2/21,7.8,0,5.2
2017/2/22,10.2,10.5,3.8
2017/2/23,10.3,1.5,4.4
2017/2/24,7.5,0,3.3
2017/2/25,6.8,0,2.1
2017/2/26,8.3,0,2.1
2017/2/27,8.6,0,2.4
2017/2/28,8.7,0,2.1
2017/3/1,9.6,0,1.6
2017/3/2,9.7,5,4.1
2017/3/3,9.9,0,2.4
2017/3/4,10.7,0,2
2017/3/5,11,0,1.7
2017/3/6,10.1,0,3.4
2017/3/7,7.7,0.5,4.8
2017/3/8,6,0.5,3.9
2017/3/9,9.1,0,4
2017/3/10,11,0,3.3
2017/3/11,10,0,2.1
2017/3/12,10.7,0,1.9
2017/3/13,11.2,1,2
2017/3/14,11.1,2.5,4.6
2017/3/15,9.1,2,5.1
2017/3/16,9.6,0,2.6
2017/3/17,10.1,0,2.1
2017/3/18,10.1,0,1.7
2017/3/19,11.9,0,2.8
2017/3/20,11.6,14.5,1.8
2017/3/21,11.2,5.5,4
2017/3/22,10.8,0,2.6
2017/3/23,11.3,0,1.8
2017/3/24,10.7,0,2.8
2017/3/25,11,0,2.5
2017/3/26,10.6,2.5,2.5
2017/3/27,10.1,1.5,3.8
2017/3/28,11.3,0,2.9
2017/3/29,12.6,0,2.5
2017/3/30,14.6,0,3
2017/3/31,10.5,10.5,2.6
2017/4/1,10.8,2.5,2.7
2017/4/2,10.2,8,3.9
2017/4/3,12.2,0,2.7
2017/4/4,14.7,0,2.5
2017/4/5,17.8,0,3.6
2017/4/6,18,12.5,3.5
2017/4/7,17.3,13,1.7
2017/4/8,17.6,4,1.4
2017/4/9,16.1,0,3.6
2017/4/10,13.3,24,1.7
2017/4/11,13.1,16.5,3.2
2017/4/12,13.7,0,3.1
2017/4/13,14.9,0,2.3
2017/4/14,18,0,3.4
2017/4/15,20,10.5,2.4
2017/4/16,19.4,0,2.1
2017/4/17,19.9,81,3.3
2017/4/18,18.6,3,3.6
2017/4/19,16.5,0,3.6
2017/4/20,15.6,0,1.7
2017/4/21,16.6,0,2.5
2017/4/22,16.4,0,4.5
2017/4/23,15.5,0,2.7
2017/4/24,18.3,0,2.7
2017/4/25,19.9,0,2.1
2017/4/26,16.7,17.5,2.1
2017/4/27,16.1,0,3.2
2017/4/28,17.4,0,2.9
2017/4/29,19.9,0,2.9
2017/4/30,21.9,0,3.4
2017/5/1,19.4,0,3.2
2017/5/2,18.7,0,2.2
2017/5/3,19.4,11.5,1.9
2017/5/4,22,0,1.9
2017/5/5,22.2,1.5,2.2
2017/5/6,20.3,0.5,2.6
2017/5/7,20.9,0,2.9
2017/5/8,21.1,0,2.3
2017/5/9,17.4,14.5,3.1
2017/5/10,18.6,0,3.2
2017/5/11,22.6,0,3.6
2017/5/12,19.6,43,2.9
2017/5/13,19.4,2,2.9
2017/5/14,21.1,0,2.7
2017/5/15,19.6,0,2.9
2017/5/16,18.2,0,2.4
2017/5/17,19.3,0,2.6
2017/5/18,20.6,0,2.3
2017/5/19,22.3,0,2.5
2017/5/20,22.5,0,2.5
2017/5/21,22.3,0,2.3
2017/5/22,22.6,0,2.6
2017/5/23,23,0,2.5
2017/5/24,20.8,8,1.6
2017/5/25,22.1,0,2.2
2017/5/26,19.9,0,3.8
2017/5/27,19.7,0,2.7
2017/5/28,21.6,0,2.3
2017/5/29,24.6,0,2.3
2017/5/30,25,0,2.4
2017/5/31,23.7,0,2.3
2017/6/1,25.2,0,3
2017/6/2,22.1,0,3.8
2017/6/3,21.9,0,2.7
2017/6/4,22.6,0,3.2
2017/6/5,22.1,0,2.9
2017/6/6,22.4,0.5,2.2
2017/6/7,21,12,4.1
2017/6/8,21.5,0,3.3
2017/6/9,22.5,0,2.7
2017/6/10,23.7,0,2.5
2017/6/11,21.6,4.5,3
2017/6/12,21,0,3.5
2017/6/13,20.3,0,2.7
2017/6/14,21.8,0,2.3
2017/6/15,23.7,0,2.5
2017/6/16,23,0,2.9
2017/6/17,22.6,0,2.7
2017/6/18,23,0,2.6
2017/6/19,25.5,0,2.4
2017/6/20,23.7,9.5,2.3
2017/6/21,22.4,2.5,3.8
2017/6/22,23.7,0,1.7
2017/6/23,25.2,0,1.9
2017/6/24,23.8,80.5,1.9
2017/6/25,23.1,6,2.1
2017/6/26,24,0,2
2017/6/27,24,5.5,1.5
2017/6/28,24.4,26.5,2.1
2017/6/29,24.4,9,1.8
2017/6/30,27.9,16.5,2.7
2017/7/1,28.9,0,2.3
2017/7/2,30.2,0,3.4
2017/7/3,30.5,0,3.9
2017/7/4,28.2,16.5,3.1
2017/7/5,27.9,6,2.7
2017/7/6,24.1,80,2
2017/7/7,26.1,9,2.1
2017/7/8,29.5,0,2.3
2017/7/9,28.6,5.5,2.4
2017/7/10,29.5,0,3.1
2017/7/11,29.8,4,3.3
2017/7/12,28.4,5.5,2.4
2017/7/13,28.9,0,2.2
2017/7/14,29.7,0,2.2
2017/7/15,30.2,0,2.5
2017/7/16,30.6,0,2.9
2017/7/17,30.6,0,3.2
2017/7/18,29.6,5,2.7
2017/7/19,28.7,5.5,2.5
2017/7/20,29.4,0,2.3
2017/7/21,30.7,0,2.6
2017/7/22,31.1,0,2.8
2017/7/23,30.9,0,2.6
2017/7/24,29.5,9,1.8
2017/7/25,30.7,0,3
2017/7/26,29.6,0,3.9
2017/7/27,29.6,0,2.6
2017/7/28,29.5,0,2.8
2017/7/29,29.5,0,3.2
2017/7/30,29.8,0,2.8
2017/7/31,30.4,0,2.5
2017/8/1,30,0,3.2
2017/8/2,29.6,0,4.5
2017/8/3,30.9,0,2.5
2017/8/4,32.2,0,3.1
2017/8/5,32.1,0,3.5
2017/8/6,30.4,0,4.4
2017/8/7,29.9,0,4.9
2017/8/8,31.6,0,2.8
2017/8/9,29.2,9.5,2.6
2017/8/10,30.8,0,2.7
2017/8/11,29.2,0,3.7
2017/8/12,28.7,0,5
2017/8/13,28.4,0,3.1
2017/8/14,27.2,28,2.3
2017/8/15,28.1,7,1.8
2017/8/16,28.7,15,2.7
2017/8/17,28.5,9,2.5
2017/8/18,28.4,0,2.7
2017/8/19,28.6,0,2.8
2017/8/20,29.6,0,2.3
2017/8/21,29.3,0.5,3.2
2017/8/22,29.8,0,2.1
2017/8/23,30.9,0,2.3
2017/8/24,31.4,0,3.4
2017/8/25,31.5,0,3
2017/8/26,27.1,26.5,2.4
2017/8/27,27.9,0,2.6
2017/8/28,28.6,0,2.6
2017/8/29,28.9,0,2.7
2017/8/30,28.3,0,4.5
2017/8/31,27.6,0,5.4
2017/9/1,25.6,0,4.6
2017/9/2,25.2,0,4.8
2017/9/3,25.1,0,3.7
2017/9/4,24.8,0,1.8
2017/9/5,24.6,3,1.9
2017/9/6,27.1,1,1.7
2017/9/7,24.8,39,2
2017/9/8,24.9,0,2.3
2017/9/9,25.3,0,2.2
2017/9/10,26.5,0,2.3
2017/9/11,27.5,0,4.6
2017/9/12,26,1.5,2.8
2017/9/13,24.9,0,2.5
2017/9/14,23.2,5.5,1.6
2017/9/15,22.9,0,2.3
2017/9/16,22.5,8,3.1
2017/9/17,22.9,43,5.2
2017/9/18,24.6,0.5,2.9
2017/9/19,24.2,0,2
2017/9/20,24.9,0,2
2017/9/21,23.7,0,1.7
2017/9/22,23.5,1,1.7
2017/9/23,23,0,1.6
2017/9/24,22.1,0,1.6
2017/9/25,23.4,0,2
2017/9/26,25.8,0,1.9
2017/9/27,24.4,22.5,2.9
2017/9/28,22.3,3.5,5.1
2017/9/29,20.9,0,2.6
2017/9/30,21.2,0,2.2
2017/10/1,21,1.5,2
2017/10/2,21.6,82.5,2.6
2017/10/3,22.9,2,4.6
2017/10/4,21.4,0,3.7
2017/10/5,20.9,1,2.2
2017/10/6,20.2,59,2.3
2017/10/7,23,0,2.9
2017/10/8,23.5,0,1.8
2017/10/9,24.1,0,1.9
2017/10/10,24.2,0,2
2017/10/11,24.1,0,2.1
2017/10/12,22.7,3.5,2.4
2017/10/13,19.6,6,2.5
2017/10/14,20.5,1,2.5
2017/10/15,17.3,40.5,2.1
2017/10/16,17.2,19,2.3
2017/10/17,18.2,1.5,2.7
2017/10/18,17.7,7,1.6
2017/10/19,17.7,5.5,2.7
2017/10/20,19.7,0,2.2
2017/10/21,18.9,0.5,2.5
2017/10/22,19.7,4.5,7.9
2017/10/23,17.6,0,7.5
2017/10/24,17.5,0,3.2
2017/10/25,17.2,0,3.5
2017/10/26,16.8,0,1.7
2017/10/27,19.6,0,2
2017/10/28,18.9,32,1.7
2017/10/29,18.6,22.5,4.4
2017/10/30,16.3,0,5.2
2017/10/31,14.9,0,1.8
2017/11/1,15.8,0,1.8
2017/11/2,17.3,0,1.7
2017/11/3,18,0,2
2017/11/4,15.3,0,5.1
2017/11/5,14.3,0,2.1
2017/11/6,15.4,0,1.7
2017/11/7,17.6,2,1.7
2017/11/8,17.8,3,2
2017/11/9,16.4,0,2.5
2017/11/10,17.9,0.5,3.1
2017/11/11,14.9,0,4.3
2017/11/12,14,0,1.7
2017/11/13,14.8,0,1.4
2017/11/14,16.2,0.5,2.2
2017/11/15,14.3,0,3.6
2017/11/16,11.6,0,3
2017/11/17,10.8,1,1.8
2017/11/18,12.2,2,4.7
2017/11/19,8.5,0,5.4
2017/11/20,8,0.5,3.1
2017/11/21,9.4,0,1.9
2017/11/22,9.6,6.5,1.6
2017/11/23,10.9,0,5.1
2017/11/24,10.5,0.5,3.8
2017/11/25,10.1,0,2.2
2017/11/26,11.7,0,2.1
2017/11/27,12.4,0,1.6
2017/11/28,15.2,0,1.8
2017/11/29,15,6.5,1.2
2017/11/30,13.3,0.5,3.2
2017/12/1,8.3,0,4.3
2017/12/2,8,0,1.9
2017/12/3,9.8,0,1.6
2017/12/4,10.5,0,2.5
2017/12/5,6.1,1,4.7
2017/12/6,6.5,0,2
2017/12/7,7.7,2,1.9
2017/12/8,7.1,2.5,5.3
2017/12/9,7.4,0,2.7
2017/12/10,9.3,6.5,2.4
2017/12/11,7.8,0,6
2017/12/12,4,0,4.6
2017/12/13,4.8,0,4.2
2017/12/14,6.3,0,1.6
2017/12/15,8.4,0,1.5
2017/12/16,8.4,0,4.1
2017/12/17,4.4,0,5
2017/12/18,4.7,0,1.9
2017/12/19,8.3,0,2.7
2017/12/20,6.5,0,2
2017/12/21,6.8,0,2.1
2017/12/22,7.5,0,2
2017/12/23,8.7,0,2
2017/12/24,11,8.5,3.3
2017/12/25,7.9,0,3.9
2017/12/26,7.4,0,3.6
2017/12/27,5.4,0,4.8
2017/12/28,5,0,1.6
2017/12/29,8.2,0,2.3
2017/12/30,8.6,0,1.4
2017/12/31,8.5,3.5,3
2018/1/1,6.4,0,3.6
2018/1/2,5.6,0,1.8
2018/1/3,7.6,0,3.9
2018/1/4,6.2,0,1.5
2018/1/5,6.2,2.5,1.8
2018/1/6,7.5,0,2.9
2018/1/7,7.4,0.5,2
2018/1/8,10.9,20.5,2.5
2018/1/9,6.3,1.5,4.6
2018/1/10,3.2,28.5,3.5
2018/1/11,2.2,0,5.3
2018/1/12,1.5,0,4
2018/1/13,3.2,0,2.7
2018/1/14,4,0,1.9
2018/1/15,5.9,0,2.2
2018/1/16,12.4,4.5,3.3
2018/1/17,11.5,20.5,2.1
2018/1/18,9.6,0,1.7
2018/1/19,8.9,0,1.7
2018/1/20,8,0,1.9
2018/1/21,7.6,0,2.2
2018/1/22,6.6,9.5,1.5
2018/1/23,5.6,0,4.4
2018/1/24,1.4,0,5.5
2018/1/25,1.5,0,3.8
2018/1/26,1.9,0,5.4
2018/1/27,3.5,0,2.3
2018/1/28,4.2,1.5,1.7
2018/1/29,3.8,0,4.2
2018/1/30,3,0,3.5
2018/1/31,4.1,0,1.9
2018/2/1,5.9,0,2
2018/2/2,5.1,3,1.2
2018/2/3,4.7,0,3
2018/2/4,1.3,1,4.4
2018/2/5,1,0,5.7
2018/2/6,0.5,0,4.6
2018/2/7,1.7,0,3.3
2018/2/8,2.7,0,2.2
2018/2/9,8,0,2.4
2018/2/10,7.2,13.5,1.8
2018/2/11,3.5,5.5,4.7
2018/2/12,3,0.5,4.7
2018/2/13,3.9,0,3.7
2018/2/14,8.2,0,3.4
2018/2/15,8.9,11,1.4
2018/2/16,6.8,0,1.2
2018/2/17,6.9,0,3.3
2018/2/18,7,0,2.2
2018/2/19,8.6,0,2.1
2018/2/20,8.7,0,2.3
2018/2/21,8.9,0,2.9
2018/2/22,7.1,0,2.5
2018/2/23,7.1,0,2.1
2018/2/24,9.3,0,2.3
2018/2/25,8.6,1.5,1.1
2018/2/26,9,0,2.4
2018/2/27,8.9,0,1.7
2018/2/28,11.3,21,3.5
2018/3/1,10.4,0.5,5.3
2018/3/2,8.4,0,2
2018/3/3,9.7,1,2.3
2018/3/4,14.8,0,2.1
2018/3/5,12.4,25,5.3
2018/3/6,9.5,0,5.8
2018/3/7,10.5,0,2.1
2018/3/8,10.8,23,4.5
2018/3/9,7.2,2.5,6.7
2018/3/10,8.1,0,2.1
2018/3/11,9.9,0,2.2
2018/3/12,10.9,0,1.8
2018/3/13,14.5,0,2.3
2018/3/14,16.5,0,2.1
2018/3/15,17,8,3.1
2018/3/16,9.6,32,6.5
2018/3/17,9,0,2.7
2018/3/18,13.2,0,1.9
2018/3/19,15,8.5,3.6
2018/3/20,9.1,13.5,5.6
2018/3/21,7.6,27.5,4.2
2018/3/22,7.7,6,5.4
2018/3/23,9.2,0,2.4
2018/3/24,11.5,0,2.5
2018/3/25,13.1,0,2.4
2018/3/26,14.3,0,2.4
2018/3/27,15.3,0,2.2
2018/3/28,15.8,0,2.2
2018/3/29,16.2,0,2.7
2018/3/30,15.7,0,3
2018/3/31,15.9,0,2
2018/4/1,18.4,0,2.1
2018/4/2,19.3,0,2.3
2018/4/3,20.2,0,2.5
2018/4/4,17.8,0,2.9
2018/4/5,16.5,2.5,2.3
2018/4/6,15.2,15.5,4.1
2018/4/7,8.9,0.5,5.3
2018/4/8,11.5,0,3.6
2018/4/9,16,0,3.3
2018/4/10,18.7,0,3.4
2018/4/11,20.5,0,2.9
2018/4/12,17.9,0,2
2018/4/13,18.3,0,3.3
2018/4/14,19,5.5,4.4
2018/4/15,14.3,5.5,3.8
2018/4/16,15,0,3.2
2018/4/17,14.4,1.5,2.3
2018/4/18,15.2,0,2.4
2018/4/19,16.3,0,2.4
2018/4/20,17.9,0,2.3
2018/4/21,19.7,0,2.3
2018/4/22,19.9,0,2.9
2018/4/23,20.8,2,2.2
2018/4/24,17.9,28,4.6
2018/4/25,14,0,5.6
2018/4/26,14.6,0,2.1
2018/4/27,17.2,0,2.9
2018/4/28,17.3,0,2.2
2018/4/29,20,0,2.4
2018/4/30,20.8,0,2.7
2018/5/1,20.8,2,2.4
2018/5/2,20.8,13.5,3
2018/5/3,16.9,0,5.2
2018/5/4,17,0,4.4
2018/5/5,19.3,0,2.4
2018/5/6,18.2,28,2.7
2018/5/7,17.9,49,2.6
2018/5/8,16,7,4.7
2018/5/9,15.4,0,5.8
2018/5/10,15.5,0,2.6
2018/5/11,19,0,2.4
2018/5/12,21.5,0,2.7
2018/5/13,20.5,18,2.1
2018/5/14,20.5,0,2.3
2018/5/15,23.4,0,2
2018/5/16,26,0,2.8
2018/5/17,26.8,0,2.7
2018/5/18,24.1,7,3.8
2018/5/19,17.1,0.5,5.2
2018/5/20,18.6,0,4.8
2018/5/21,22.3,0,2.8
2018/5/22,23,0,2.7
2018/5/23,20.8,4,3.1
2018/5/24,21.1,0,2.6
2018/5/25,23,0,2.3
2018/5/26,22.3,4,2.5
2018/5/27,22.7,0,2.1
2018/5/28,22.7,1,1.8
2018/5/29,23.3,0,1.9
2018/5/30,24.6,0,2.3
2018/5/31,22.2,0,2.6
2018/6/1,21.5,0,3.1
2018/6/2,23.3,0,2.2
2018/6/3,23.6,0,2.2
2018/6/4,24.4,0,2.2
2018/6/5,20.8,41.5,2.3
2018/6/6,20.5,2,1.5
2018/6/7,23.6,0,1.9
2018/6/8,24.6,1,2.2
2018/6/9,23.9,0,3.6
2018/6/10,24.3,0,2.8
2018/6/11,20.8,50,4.1
2018/6/12,20.4,1,3.8
2018/6/13,21.2,0,3.7
2018/6/14,22.4,0,1.7
2018/6/15,22.5,0,5
2018/6/16,22.1,0,3.9
2018/6/17,25.3,0,2.3
2018/6/18,24.5,5.5,2.5
2018/6/19,23.5,17,2.1
2018/6/20,22.4,30.5,2.3
2018/6/21,24.3,0,2.2
2018/6/22,24.7,0,2.4
2018/6/23,22.3,1.5,2.1
2018/6/24,24.3,0,2.4
2018/6/25,25.7,0,2.5
2018/6/26,27.6,9,3.7
2018/6/27,28.8,3,5.6
2018/6/28,28.9,0,4.8
2018/6/29,25.4,66,2.8
2018/6/30,24.8,39,2.1
2018/7/1,29.3,0,2.7
2018/7/2,29,0.5,2.4
2018/7/3,25.4,73,5.4
2018/7/4,28,1,4
2018/7/5,25.2,101,1.4
2018/7/6,23.6,236,2.4
2018/7/7,21.7,1.5,4.8
2018/7/8,23.2,0.5,2.1
2018/7/9,26.5,0,2.3
2018/7/10,29.3,3,2.6
2018/7/11,29.2,0,2.7
2018/7/12,29,0,2.4
2018/7/13,28.9,0,2.7
2018/7/14,29.1,0,2.5
2018/7/15,29.6,0,2.4
2018/7/16,29.9,0,2.5
2018/7/17,29.8,0,2.3
2018/7/18,29.9,0,2.5
2018/7/19,30,0,2.4
2018/7/20,32.3,0,2.6
2018/7/21,31.9,0,2.7
2018/7/22,30.2,16,2.1
2018/7/23,29.7,0,2.6
2018/7/24,30.2,0,2.6
2018/7/25,30.5,0,2.6
2018/7/26,31,0,2.6
2018/7/27,30.5,0,3
2018/7/28,29.6,0,5.1
2018/7/29,27.2,34,5.5
2018/7/30,28.6,0,3.1
2018/7/31,30.3,0,4.1
2018/8/1,31.1,0,3.1
2018/8/2,31.2,17,2.1
2018/8/3,30.8,0,2.6
2018/8/4,30.6,0,2.5
2018/8/5,30.6,0,2.7
2018/8/6,30.3,0,3
2018/8/7,29.7,0,3.7
2018/8/8,28.1,0,4.1
2018/8/9,28.4,0,4.2
2018/8/10,28.9,0,2.7
2018/8/11,31,0,2.1
2018/8/12,31.9,3,2.5
2018/8/13,31.2,4.5,2.4
2018/8/14,32.1,0,2.7
2018/8/15,29.5,3.5,2.7
2018/8/16,29.8,0,2.7
2018/8/17,27.7,0,4.7
2018/8/18,27.1,0,2.7
2018/8/19,28.2,0,2.7
2018/8/20,29.1,0,2.3
2018/8/21,32,0,3
2018/8/22,32.8,0,5.1
2018/8/23,31.2,5.5,3.4
2018/8/24,30.6,0,4.3
2018/8/25,30,1.5,2.5
2018/8/26,30.7,0,2.8
2018/8/27,29.4,4,2.3
2018/8/28,29.5,0,2.5
2018/8/29,30,0,2.3
2018/8/30,28.7,6.5,2
2018/8/31,28.2,6.5,2.1
2018/9/1,25.5,20,1.9
2018/9/2,27.3,0.5,2.3
2018/9/3,28.7,0,2.4
2018/9/4,28,0,3.1
2018/9/5,27.8,0,3.2
2018/9/6,26.3,0.5,1.8
2018/9/7,25.8,16,2.3
2018/9/8,21.8,12.5,1.7
2018/9/9,22.8,7.5,2.4
2018/9/10,23.1,4.5,5
2018/9/11,24.3,0,2.2
2018/9/12,25.6,0,1.9
2018/9/13,25.6,0,1.9
2018/9/14,26.4,0.5,1.8
2018/9/15,26.7,1,2.1
2018/9/16,26.7,0,2.3
2018/9/17,25.7,0,2
2018/9/18,26,0,2
2018/9/19,25.9,0,2.1
2018/9/20,23.7,36,2.2
2018/9/21,25.8,4,2.3
2018/9/22,24.9,3.5,3
2018/9/23,24.4,0,1.4
2018/9/24,23.2,0,2.2
2018/9/25,23.5,0,3.6
2018/9/26,22.3,0,3.2
2018/9/27,22.8,0,4.1
2018/9/28,22.9,4.5,2
2018/9/29,19.8,25.5,2.9
2018/9/30,20.5,40,5.6
2018/10/1,21,0,3.4
2018/10/2,20,0,2
2018/10/3,20.3,0,2.5
2018/10/4,20.4,4.5,1.6
2018/10/5,24.5,6.5,2
2018/10/6,25.5,4.5,7.1
2018/10/7,23.3,0,2.5
2018/10/8,22.1,0,3.2
2018/10/9,21.6,0,2.1
2018/10/10,21.6,0,1.9
2018/10/11,17.8,0.5,3.8
2018/10/12,17.8,0,3.7
2018/10/13,18,0,2.4
2018/10/14,18.8,0,2.4
2018/10/15,19.5,0,2.1
2018/10/16,19,0,2.5
2018/10/17,18.2,12,2.2
2018/10/18,18.1,0,1.9
2018/10/19,17.4,16,4.6
2018/10/20,17.8,0,3.7
2018/10/21,16.6,0,2.2
2018/10/22,17.9,0.5,1.8
2018/10/23,17.5,5,1.1
2018/10/24,17.7,0,2.3
2018/10/25,17.1,0,2
2018/10/26,17,10,2.6
2018/10/27,17.4,0,3.7
2018/10/28,16.7,0,3.5
2018/10/29,19.3,0,2.7
2018/10/30,16.3,0,3.1
2018/10/31,14.8,0,2.4
2018/11/1,14.3,0,2.2
2018/11/2,14.5,0,1.8
2018/11/3,15.3,0,1.9
2018/11/4,15.8,0,1.9
2018/11/5,15.7,0,1.8
2018/11/6,16.8,0,2.5
2018/11/7,17.7,0,1.7
2018/11/8,20.6,8,3.2
2018/11/9,18,17,2.9
2018/11/10,15.6,0,2.2
2018/11/11,15.5,0,1.6
2018/11/12,14,2.5,1.6
2018/11/13,15.8,0,3.1
2018/11/14,14.3,1,2.5
2018/11/15,14,0,2.2
2018/11/16,12.5,1,1.4
2018/11/17,13.8,0,1.8
2018/11/18,13.4,3,1.4
2018/11/19,13.2,2,1.9
2018/11/20,11.7,0,1.8
2018/11/21,11.9,2,1.6
2018/11/22,11.8,1,4.4
2018/11/23,10,0,4
2018/11/24,10.3,0,2
2018/11/25,13.5,0,1.9
2018/11/26,13.7,0.5,1.3
2018/11/27,14.9,1.5,1.5
2018/11/28,14.8,0,2.3
2018/11/29,13.1,0,1.8
2018/11/30,13.2,0,1.8
2018/12/1,13.9,0,1.9
2018/12/2,14.8,1,1.7
2018/12/3,18,22,3
2018/12/4,19.7,1,3.8
2018/12/5,15.7,0,3.8
2018/12/6,14,4,2.8
2018/12/7,9.3,0,5.1
2018/12/8,6,0,5.2
2018/12/9,5.6,0,3.9
2018/12/10,7.1,0,1.5
2018/12/11,8.5,14,1.6
2018/12/12,10,1.5,5.1
2018/12/13,7.9,0,2.4
2018/12/14,8.2,0,3.5
2018/12/15,7.7,0,1.4
2018/12/16,8.3,10,1.9
2018/12/17,10.4,0,4.1
2018/12/18,9.8,0,2.9
2018/12/19,10.3,0,1.9
2018/12/20,12.9,2.5,1.9
2018/12/21,13,0.5,1.3
2018/12/22,14.5,0,1.9
2018/12/23,12.3,8,2.7
2018/12/24,9.5,0,3
2018/12/25,8.6,0,1.9
2018/12/26,9.9,2.5,1.7
2018/12/27,9.1,0,5.7
2018/12/28,3.8,0,5.6
2018/12/29,4.9,0,5.3
2018/12/30,4.9,0,2.9
2018/12/31,6.6,0,1.8
2019/1/1,6.8,0,3.1
2019/1/2,6,0,3.1
2019/1/3,5.4,0,1.9
2019/1/4,6.9,0,1.5
2019/1/5,8.2,1,1.7
2019/1/6,8.6,0,1.7
2019/1/7,7.9,0,1.9
2019/1/8,8.4,0,2.5
2019/1/9,7,0,3.7
2019/1/10,6.9,0,1.5
2019/1/11,8.4,0,1.2
2019/1/12,9.8,2,1.5
2019/1/13,10.6,3.5,2.4
2019/1/14,9.1,0,1.5
2019/1/15,9.1,0,2.6
2019/1/16,6.2,0,3.2
2019/1/17,6.1,0,2.9
2019/1/18,7.8,0,1.8
2019/1/19,9.1,0,2.1
2019/1/20,11.5,6,3.6
2019/1/21,7.7,0,3.4
2019/1/22,8.6,0,2.5
2019/1/23,9.6,0,2.5
2019/1/24,9.2,0,1.9
2019/1/25,8.6,0,2.8
2019/1/26,5.4,11,6.5
2019/1/27,5.3,0,1.7
2019/1/28,8.2,2,2.9
2019/1/29,7.7,0,2.3
2019/1/30,8.9,0,1.4
2019/1/31,8.3,29,4.3
2019/2/1,6.2,0,4
2019/2/2,7.7,0,1.7
2019/2/3,13.6,3,3.7
2019/2/4,10.3,0,3.6
2019/2/5,10.1,0.5,1.5
2019/2/6,11.9,2.5,1.7
2019/2/7,11,2.5,2.3
2019/2/8,8.3,0,4.2
2019/2/9,6.6,3,3
2019/2/10,8.4,0,2.2
2019/2/11,7.6,2,3.1
2019/2/12,6.7,0,2.4
2019/2/13,8.5,0,2.6
2019/2/14,7.9,0,2.4
2019/2/15,6.9,4.5,1.7
2019/2/16,8.1,0,3.1
2019/2/17,7,0,2.3
2019/2/18,8.1,0.5,1.8
2019/2/19,13.6,10.5,3.4
2019/2/20,10.6,0,2.9
2019/2/21,10.3,0,2.9
2019/2/22,10.2,0,1.9
2019/2/23,11.4,0,4.9
2019/2/24,9.8,0,2.1
2019/2/25,10.8,0,1.8
2019/2/26,11.1,0,2.2
2019/2/27,10.6,4.5,1.4
2019/2/28,10.9,8,2.1
2019/3/1,11.3,0,1.9
2019/3/2,10.2,3,1.5
2019/3/3,10.2,10,1
2019/3/4,10.8,3,3.3
2019/3/5,11.5,0,1.9
2019/3/6,11,16.5,1.9
2019/3/7,10.3,10,4.6
2019/3/8,9.7,0,2
2019/3/9,11.7,0,2
2019/3/10,11.6,37,2.7
2019/3/11,13,6.5,4.5
2019/3/12,11.9,2.5,3.4
2019/3/13,9.4,0,5.1
2019/3/14,9.1,0,2.5
2019/3/15,9.7,2,2.8
2019/3/16,10,0,3.6
2019/3/17,11.5,0,3.4
2019/3/18,10.9,0.5,1.8
2019/3/19,11.8,4.5,2.1
2019/3/20,15,0,2.9
2019/3/21,17.8,1,3.8
2019/3/22,13.3,0,4.4
2019/3/23,10.7,3,4
2019/3/24,9.7,0,3.6
2019/3/25,9.6,0,1.7
2019/3/26,13.2,0,2.4
2019/3/27,15.8,0,3.5
2019/3/28,15.8,0,3.1
2019/3/29,16,0,2
2019/3/30,15.8,0,3.4
2019/3/31,10.5,0,4.7
2019/4/1,9.8,0.5,4.9
2019/4/2,11.3,0,3.2
2019/4/3,10.6,0,2.9
2019/4/4,12.9,0,2.5
2019/4/5,15.2,0,2.1
2019/4/6,16,0,2.3
2019/4/7,16.4,6,2.6
2019/4/8,16,6.5,3.5
2019/4/9,15.7,8,2.6
2019/4/10,14,10,5.1
2019/4/11,12.4,0,4.2
2019/4/12,12.9,0,2.6
2019/4/13,13.7,0,2
2019/4/14,13.9,4.5,1.5
2019/4/15,13.8,0,2.8
2019/4/16,16.2,0,1.9
2019/4/17,17.5,0,2.2
2019/4/18,18,0,2.3
2019/4/19,16.6,0,3.6
2019/4/20,16.8,0,2.5
2019/4/21,18.5,0,2.3
2019/4/22,19.1,0,2.7
2019/4/23,19,16,1.6
2019/4/24,20.8,0,3.2
2019/4/25,17.7,0.5,2.8
2019/4/26,15.4,4.5,3.3
2019/4/27,14.2,0.5,6.1
2019/4/28,14.4,0,2
2019/4/29,16.1,29.5,2.8
2019/4/30,16.6,16.5,2.6
2019/5/1,16.6,0,2.5
2019/5/2,17.9,0,2.4
2019/5/3,18.3,0,2.6
2019/5/4,19.3,0,1.9
2019/5/5,20.7,0,2.1
2019/5/6,18.8,0,3.5
2019/5/7,16.4,0,3.9
2019/5/8,17.2,0,2.1
2019/5/9,18.1,0,2.6
2019/5/10,19.7,0,2.3
2019/5/11,20.5,0,2.2
2019/5/12,20.3,0,2.3
2019/5/13,21,0,1.8
2019/5/14,23.1,0,2.2
2019/5/15,24.1,0,2.4
2019/5/16,23.7,0,2.7
2019/5/17,24.4,0,4.1
2019/5/18,21.4,5.5,3.3
2019/5/19,23.9,0,
2019/5/20,21,24.5,3.1
2019/5/21,19.2,0,3.1
2019/5/22,20.9,0,2.9
2019/5/23,23.5,0,3
2019/5/24,25.3,0,3
2019/5/25,25,0,2.7
2019/5/26,25.1,0,2.4
2019/5/27,23.6,3.5,4
2019/5/28,20.5,4,3.7
2019/5/29,22.3,0,2.1
2019/5/30,22.7,0,2.3
2019/5/31,19.9,4.5,1.9
2019/6/1,21.8,0,2.2
2019/6/2,22.8,0,1.6
2019/6/3,24.2,0,2.3
2019/6/4,24.9,0,2.2
2019/6/5,25.3,0,2.4
2019/6/6,25.1,5.5,3
2019/6/7,24.9,13.5,4.5
2019/6/8,21.1,3,4
2019/6/9,21.4,0,3.1
2019/6/10,21.6,0,4.8
2019/6/11,21.1,0,5
2019/6/12,21.2,0,4.3
2019/6/13,22.6,0,2.5
2019/6/14,22.6,8,2.5
2019/6/15,20.2,37.5,4.5
2019/6/16,21.7,0,3.5
2019/6/17,22.2,0,2.3
2019/6/18,22.2,0,1.7
2019/6/19,23.2,0,2.7
2019/6/20,24.8,0,2.2
2019/6/21,25.8,0,2.2
2019/6/22,23.5,0,5
2019/6/23,22,0,4.8
2019/6/24,22.5,0,4.4
2019/6/25,24.5,0,2.1
2019/6/26,24.9,7,2.2
2019/6/27,26.4,8,3.2
2019/6/28,25.1,3.5,2
2019/6/29,27,1,2.8
2019/6/30,25.9,7,2.9
2019/7/1,23.9,5,1.6
2019/7/2,23.3,5,1.5
2019/7/3,23.3,8.5,1.5
2019/7/4,24.6,0.5,2.5
2019/7/5,24.4,0,1.9
2019/7/6,25.3,0,3.6
2019/7/7,24.3,0,3.2
2019/7/8,24.8,0,2.9
2019/7/9,24.4,2,2.4
2019/7/10,25.2,10.5,3
2019/7/11,27.3,0,3.4
2019/7/12,25.2,0,3
2019/7/13,22.1,54.5,1.4
2019/7/14,23,3.5,2.9
2019/7/15,24.7,0,3.6
2019/7/16,25.2,0,2.5
2019/7/17,25.9,1.5,1.5
2019/7/18,25,93,1.6
2019/7/19,26.6,1,2.4
2019/7/20,26.5,38,3.4
2019/7/21,26.2,63.5,2.6
2019/7/22,28.2,0.5,2.2
2019/7/23,28.4,0.5,2.1
2019/7/24,29.5,0,2.5
2019/7/25,29.6,0,2.3
2019/7/26,29.7,0,2.8
2019/7/27,29.9,0,2.2
2019/7/28,30.4,0,2.4
2019/7/29,29.6,3,2.1
2019/7/30,30.2,5,2.2
2019/7/31,30.5,0,2.5
2019/8/1,30.7,0,2.6
2019/8/2,30.5,0,2.6
2019/8/3,31.7,0,2.4
2019/8/4,30.7,0,2.7
2019/8/5,29.8,0,3.1
2019/8/6,26.9,38,4.8
2019/8/7,28.7,4.5,2.6
2019/8/8,30,9.5,2.6
2019/8/9,29.5,0,2.1
2019/8/10,30.9,0,2.6
2019/8/11,31.4,0,2.9
2019/8/12,31.4,0,2.9
2019/8/13,30.7,0,3.5
2019/8/14,29.3,5.5,4.2
2019/8/15,27,53,5.7
2019/8/16,29.3,0,3.3
2019/8/17,28.6,0,2.5
2019/8/18,27.7,0,1.5
2019/8/19,27.3,0,1.6
2019/8/20,26.6,85.5,1.9
2019/8/21,29.2,0.5,2.2
2019/8/22,29.1,5,3
2019/8/23,28,14,2.6
2019/8/24,24.8,2.5,2.3
2019/8/25,22.1,0.5,2.3
2019/8/26,21.8,18.5,1.9
2019/8/27,24.3,130.5,2.3
2019/8/28,25.7,86,1.9
2019/8/29,25.3,43,1.8
2019/8/30,25.6,0.5,1.7
2019/8/31,24.5,0,1.9
2019/9/1,22.5,40,1.7
2019/9/2,25,4.5,1.5
2019/9/3,27.5,0.5,2.4
2019/9/4,27.2,0,2
2019/9/5,28.4,1,2.2
2019/9/6,29.8,0,3.2
2019/9/7,29.3,0,4.2
2019/9/8,28.9,0.5,2.6
2019/9/9,30,0,2.3
2019/9/10,29.2,2,2.1
2019/9/11,29.5,0,2.9
2019/9/12,27.7,0,4.1
2019/9/13,26.9,0,3.9
2019/9/14,28,0,2.4
2019/9/15,27.6,0,3.8
2019/9/16,26.2,0,6.3
2019/9/17,25.9,0,4.7
2019/9/18,25.5,0,4.2
2019/9/19,24,0,4.4
2019/9/20,19.9,7,2.2
2019/9/21,22.5,0,2.2
2019/9/22,24.7,50,4.2
2019/9/23,20.8,14,4.5
2019/9/24,22.4,0,3.2
2019/9/25,21.9,0,2
2019/9/26,23,0,1.4
2019/9/27,26,1.5,1.9
2019/9/28,26.3,14.5,2
2019/9/29,24.9,0,1.4
2019/9/30,25.1,0.5,1.6
2019/10/1,25,0,1.5
2019/10/2,27.1,1,3.4
2019/10/3,26.4,0.5,4.6
2019/10/4,24.6,0,3
2019/10/5,23.7,0,2.3
2019/10/6,22.3,0,4.4
2019/10/7,23.1,0.5,1.9
2019/10/8,21.4,0,3.3
2019/10/9,20.3,0,2.5
2019/10/10,20.7,0,2.1
2019/10/11,22,0,4.4
2019/10/12,22,0,9.5
2019/10/13,20.5,0,5.1
2019/10/14,19.7,0,3.1
2019/10/15,18.7,0,3.8
2019/10/16,17.6,0,2.8
2019/10/17,16.7,5,1
2019/10/18,18.6,39.5,1.2
2019/10/19,20.7,2,3.6
2019/10/20,19.9,0,2.4
2019/10/21,19.6,0,2.7
2019/10/22,20.1,0,2.9
2019/10/23,19.9,24,1.3
2019/10/24,18.1,51,2.1
2019/10/25,20.1,13,3.5
2019/10/26,19.5,0,2.6
2019/10/27,17.7,0,2.4
2019/10/28,16.8,0,1.5
2019/10/29,18.8,0,2.2
2019/10/30,17.7,0,2.4
2019/10/31,17,0,2.2
2019/11/1,17.8,0,2
2019/11/2,18,0,1.7
2019/11/3,17.6,0,1.3
2019/11/4,16.5,0.5,3.6
2019/11/5,14.8,0,2.1
2019/11/6,15.2,0,1.7
2019/11/7,15.7,0,2.4
2019/11/8,16,0,1.7
2019/11/9,15.8,0,2.1
2019/11/10,15.7,0,1.9
2019/11/11,17.4,4,3
2019/11/12,16.3,0,1.8
2019/11/13,17,1,2.1
2019/11/14,13.4,1,4.2
2019/11/15,11.3,0,1.7
2019/11/16,13.9,0,2
2019/11/17,16.2,0,2.4
2019/11/18,17.7,12,4
2019/11/19,12.4,0,4.5
2019/11/20,11.2,0,3.9
2019/11/21,11.6,0,2
2019/11/22,13.2,0,1.2
2019/11/23,14.9,0,1.4
2019/11/24,17.5,1,1.8
2019/11/25,17.1,0,3.8
2019/11/26,14.5,0,2.7
2019/11/27,14.1,2.5,1.5
2019/11/28,12.3,7,2.3
2019/11/29,10.4,0,1.8
2019/11/30,11.2,0,1.9
2019/12/1,14.6,31.5,2.8
2019/12/2,12.8,3,4.4
2019/12/3,8.4,0.5,3.5
2019/12/4,10.4,0,2.5
2019/12/5,9.4,0,3.2
2019/12/6,7.7,1.5,2.7
2019/12/7,8.1,0,2.1
2019/12/8,8.5,0,1.3
2019/12/9,8.9,0,1.9
2019/12/10,11.4,0,1.8
2019/12/11,12.3,0,1.9
2019/12/12,10,0,3.9
2019/12/13,8.4,0,1.5
2019/12/14,11.3,0,2.3
2019/12/15,10.7,0,2.4
2019/12/16,11.6,0,1.4
2019/12/17,15.4,3.5,1.6
2019/12/18,14.3,0.5,2.6
2019/12/19,12.3,0,2.6
2019/12/20,10.1,0,3.6
2019/12/21,9.6,0,2.2
2019/12/22,8.2,14.5,1.5
2019/12/23,9.1,0,1.5
2019/12/24,9.2,0,1.3
2019/12/25,9.4,5,1.1
2019/12/26,12,14.5,2.6
2019/12/27,8.1,0,4.5
2019/12/28,7.1,0,1.5
2019/12/29,9.4,0,1.9
2019/12/30,14.4,5.5,1.9
2019/12/31,7.3,0,5.1
2020/1/1,5.6,0,2
2020/1/2,8,0,1.9
2020/1/3,9.4,0,2
2020/1/4,9.3,0,3.1
2020/1/5,9.6,0,2.5
2020/1/6,10.5,0.5,2.1
2020/1/7,17.1,1,4.1
2020/1/8,12.2,23.5,4.8
2020/1/9,10.9,0,2.5
2020/1/10,9.9,0,2.2
2020/1/11,10.4,0,1.8
2020/1/12,9.6,0,3.2
2020/1/13,8.3,0,3
2020/1/14,6.4,9.5,1.7
2020/1/15,5.7,0,1.8
2020/1/16,6.6,0,1.3
2020/1/17,8.3,1,1.9
2020/1/18,8.1,11,2.3
2020/1/19,8.1,1.5,2.3
2020/1/20,9.4,0,3.3
2020/1/21,8.8,0,3.1
2020/1/22,9.2,15.5,1.9
2020/1/23,14.1,9.5,1.9
2020/1/24,13.5,0,3.7
2020/1/25,10.7,16,2.2
2020/1/26,10.4,4,2.2
2020/1/27,8.8,46.5,4.3
2020/1/28,11,4,4.9
2020/1/29,10.5,3,2.9
2020/1/30,8.3,2.5,2.9
2020/1/31,7.1,4.5,2.2
2020/2/1,8,0,2.1
2020/2/2,8.5,0,1.8
2020/2/3,8.7,0,2.3
2020/2/4,8.1,0,2.2
2020/2/5,7.2,0,3.9
2020/2/6,5.8,0,2.7
2020/2/7,7.9,0,1.6
2020/2/8,8.3,0,4.1
2020/2/9,7,1.5,2.9
2020/2/10,9,0,2.9
2020/2/11,9.4,0,1.8
2020/2/12,12.6,13,3.6
2020/2/13,14.1,0,2.4
2020/2/14,13.3,0,1.9
2020/2/15,14.6,0,1.6
2020/2/16,11.3,5.5,3.7
2020/2/17,5.1,0,5.6
2020/2/18,4.8,0,3.6
2020/2/19,7,0,2.2
2020/2/20,9.6,0,2.4
2020/2/21,12.5,0,2.7
2020/2/22,13.6,9.5,4.2
2020/2/23,9.6,0,3.7
2020/2/24,10.4,0,2.3
2020/2/25,15.2,7,3.1
2020/2/26,13,2,4
2020/2/27,9.2,0.5,3.9
2020/2/28,7.7,11,1.9
2020/2/29,9.2,14.5,1.3
2020/3/1,10.2,0,1.1
2020/3/2,11.1,0,3.3
2020/3/3,11.3,0,1.8
2020/3/4,11.5,0,2.8
2020/3/5,7.5,0,4.5
2020/3/6,7.9,0,2.1
2020/3/7,9.2,19.5,1.4
2020/3/8,12.5,0,4.3
2020/3/9,12.4,17.5,1.9
2020/3/10,12.4,41.5,2.6
2020/3/11,10.4,0,3.5
2020/3/12,10.6,0,2.3
2020/3/13,11.9,0,1.8
2020/3/14,10.5,7.5,3.6
2020/3/15,11.5,0,4.8
2020/3/16,9,0.5,5.6
2020/3/17,11.4,0,3
2020/3/18,14.6,0,2.5
2020/3/19,16,0,3.8
2020/3/20,12.1,0,3.4
2020/3/21,15.8,0,2.5
2020/3/22,16.7,0,2.7
2020/3/23,14.3,0,3.4
2020/3/24,13.3,0,3.6
2020/3/25,14.2,0,2.2
2020/3/26,16.3,14,2.9
2020/3/27,17.4,44,2.8
2020/3/28,12.2,12,4.5
2020/3/29,12.1,0,4.6
2020/3/30,12.3,0,1.7
2020/3/31,15,1.5,1.6
2020/4/1,12.1,36,4
2020/4/2,12.7,0,4.5
2020/4/3,14,0,2
2020/4/4,15,0,2.8
2020/4/5,11.9,0,5.3
2020/4/6,12,0,2.4
2020/4/7,14.2,0,2.6
2020/4/8,14.4,0,2.8
2020/4/9,14,0,2.8
2020/4/10,13,0,3.6
2020/4/11,12.3,2,2
2020/4/12,10,23.5,2.7
2020/4/13,10.5,11.5,10.5
2020/4/14,14.6,0,3.4
2020/4/15,14.5,0,2
2020/4/16,14.8,0,3
2020/4/17,16.3,2.5,3.4
2020/4/18,15.6,0,3
2020/4/19,14.7,7,2.2
2020/4/20,16.6,0.5,4
2020/4/21,15.3,0,4.2
2020/4/22,12.3,0,5
2020/4/23,11.4,0,3.6
2020/4/24,13,0,3.6
2020/4/25,16.1,0,4.4
2020/4/26,16.5,0,3.2
2020/4/27,15.4,0,2.6
2020/4/28,15.4,0,2.8
2020/4/29,16.2,0,2.6
2020/4/30,18.7,0,2.3
2020/5/1,21.4,0,2.9
2020/5/2,21.3,0,2.5
2020/5/3,19.3,22,3.2
2020/5/4,20.3,5.5,2.3
2020/5/5,19.4,0,2.8
2020/5/6,18.8,0,4
2020/5/7,18.3,0,4.4
2020/5/8,20.7,0,2.7
2020/5/9,20.9,11.5,3.8
2020/5/10,19.4,2.5,2.6
2020/5/11,20.1,0,2.4
2020/5/12,20.8,0,2.9
2020/5/13,18.6,0,3.3
2020/5/14,20.7,0,2.2
2020/5/15,20,51,2.9
2020/5/16,21.6,10.5,2.2
2020/5/17,20.9,0,2.4
2020/5/18,20.7,40.5,2
2020/5/19,19.7,1,4.4
2020/5/20,18.1,0,4.1
2020/5/21,17.3,0,3.6
2020/5/22,18.8,0,2.7
2020/5/23,20,0,2.3
2020/5/24,23.3,0,2.4
2020/5/25,22.7,0,1.9
2020/5/26,20.9,0,1.7
2020/5/27,20.3,0,2.8
2020/5/28,21.4,0,2.3
2020/5/29,21.1,0,2.8
2020/5/30,22.5,0,1.5
2020/5/31,22.9,3,1.8
2020/6/1,23.1,0,2.2
2020/6/2,22.6,0,2.7
2020/6/3,23.4,0,1.8
2020/6/4,24.5,0,2.2
2020/6/5,24.5,0,2.2
2020/6/6,22.4,0,2.4
2020/6/7,22.3,0,3.4
2020/6/8,24.7,0,2.2
2020/6/9,27.6,0,2.5
2020/6/10,27,0,2.8
2020/6/11,25.7,49,2.5
2020/6/12,26.1,7,2.2
2020/6/13,28.1,3.5,3.3
2020/6/14,28.4,0.5,3.8
2020/6/15,26.2,0,3
2020/6/16,25,0,2.7
2020/6/17,24.5,0,2.3
2020/6/18,21.5,68.5,2.2
2020/6/19,21.7,34,4.7
2020/6/20,22.5,0,3.2
2020/6/21,23.7,0,1.6
2020/6/22,24.8,0,2.4
2020/6/23,25.9,0,2.6
2020/6/24,26.8,1,2.6
2020/6/25,26.7,118.5,3.5
2020/6/26,25.7,0,2.6
2020/6/27,25.5,83.5,2.5
2020/6/28,26,3,2.5
2020/6/29,24.9,4.5,3.2
2020/6/30,26.4,1.5,4.7
2020/7/1,23.6,0,3.2
2020/7/2,24,0,2.5
2020/7/3,23.6,5,2.1
2020/7/4,23,1.5,3
2020/7/5,24.5,2.5,1.7
2020/7/6,24.2,128,2
2020/7/7,23.1,167,2.1
2020/7/8,24.4,11,2.1
2020/7/9,24.7,44,2.7
2020/7/10,25.2,25,3.9
2020/7/11,25.5,0,2.7
2020/7/12,23.3,8,1.8
2020/7/13,26.8,26.5,3.9
2020/7/14,23,46,2.8
2020/7/15,22.6,0,1.9
2020/7/16,23.1,1.5,3
2020/7/17,24.4,0,3.5
2020/7/18,25,0,1.9
2020/7/19,28.5,0.5,2.5
2020/7/20,30.3,2,3.6
2020/7/21,28.7,0.5,2.6
2020/7/22,28.2,7,2.1
2020/7/23,26.6,5.5,2.7
2020/7/24,26.6,46.5,3.4
2020/7/25,25.5,0,3.3
2020/7/26,25.8,48,2.6
2020/7/27,26,94.5,2.9
2020/7/28,27.2,6,2.3
2020/7/29,27,63.5,1.7
2020/7/30,28.5,0,2.5
2020/7/31,28.7,0,2.5
2020/8/1,28.6,0,2.5
2020/8/2,29.3,0,2.5
2020/8/3,29.2,0,2.5
2020/8/4,30,0,2.3
2020/8/5,30.1,0,2.6
2020/8/6,30.6,0,3.6
2020/8/7,29.8,0,2.7
2020/8/8,30.2,3,3.3
2020/8/9,30.5,0,3.7
2020/8/10,30.3,2.5,4.1
2020/8/11,27.8,43,2.4
2020/8/12,30.9,0,2.7
2020/8/13,31,0,2.4
2020/8/14,32,0,2.5
2020/8/15,31.2,0,2.6
2020/8/16,30.6,0,2.6
2020/8/17,30.6,0,2.6
2020/8/18,30,0,2.4
2020/8/19,30.1,0,2.2
2020/8/20,30.6,0,2.6
2020/8/21,30.1,0,3.3
2020/8/22,29.6,0,2.4
2020/8/23,28.2,0.5,2.1
2020/8/24,30,0,2.5
2020/8/25,32.3,0,3
2020/8/26,30.8,0,4
2020/8/27,29.7,0,3.9
2020/8/28,29.7,0,2.9
2020/8/29,30.8,0,2.9
2020/8/30,30.9,0,3
2020/8/31,30.4,0,4.1
2020/9/1,31.2,0,2.1
2020/9/2,30.5,7,5
2020/9/3,28.9,12.5,5.4
2020/9/4,27,0,2.6
2020/9/5,25.2,12,3.3
2020/9/6,26.1,8,3.8
2020/9/7,27.5,10,7.8
2020/9/8,28,0,3.2
2020/9/9,25.3,9,2
2020/9/10,26.3,0,2.4
2020/9/11,25.3,28.5,2
2020/9/12,23.6,82.5,3.1
2020/9/13,23.8,0,4.1
2020/9/14,23.6,0,2.5
2020/9/15,24.9,0,2.1
2020/9/16,24.3,11.5,2.1
2020/9/17,24.2,62.5,1.6
2020/9/18,21.2,29.5,2.4
2020/9/19,22.1,0,1.9
2020/9/20,22,0,2.6
2020/9/21,21.5,0,3.3
2020/9/22,22.2,0,2.6
2020/9/23,23.6,0,2.9
2020/9/24,22,21,1.9
2020/9/25,23.1,16.5,4.8
2020/9/26,23.1,0,5.4
2020/9/27,22.1,0,4.9
2020/9/28,21.5,0,2.7
2020/9/29,21.8,0,3
2020/9/30,22.4,0,3.4
2020/10/1,22.1,0,3.6
2020/10/2,22.7,0,2.2
2020/10/3,23.3,0,2
2020/10/4,23,1,1.6
2020/10/5,20.8,0,4.1
2020/10/6,20.2,0,3.7
2020/10/7,21.2,0,3.5
2020/10/8,20.8,0.5,4.6
2020/10/9,22.4,0,4.9
2020/10/10,21.1,9.5,5.1
2020/10/11,21.2,0,3.4
2020/10/12,20.7,1,2.6
2020/10/13,20.3,0,2.9
2020/10/14,20.5,0,4.4
2020/10/15,19.6,0,3.3
2020/10/16,19.5,2,2.5
2020/10/17,16.7,8.5,2.1
2020/10/18,18.3,0,2.8
2020/10/19,19.5,0,3.1
2020/10/20,18.6,0,2.1
2020/10/21,20.2,0,2.1
2020/10/22,18.9,42,2.5
2020/10/23,16.2,0,3.9
2020/10/24,15.5,0,3
2020/10/25,15.7,0,2.1
2020/10/26,16.6,0,1.9
2020/10/27,16.9,0,1.9
2020/10/28,17.5,0,1.2
2020/10/29,18.1,0,2.3
2020/10/30,17.5,0,3.9
2020/10/31,16.1,0,2.5
2020/11/1,18.9,0,2.3
2020/11/2,16.1,14,1.8
2020/11/3,14.8,0,4.4
2020/11/4,12.4,0,3.4
2020/11/5,13.6,0,1.8
2020/11/6,18.8,0,1.8
2020/11/7,19,0,1.7
2020/11/8,17.1,0,2.7
2020/11/9,14,0,4.3
2020/11/10,12.1,0,1.9
2020/11/11,12.6,0,1.8
2020/11/12,13.5,0,1.6
2020/11/13,14.4,0,2
2020/11/14,15.2,0,1.9
2020/11/15,16.2,0,1.5
2020/11/16,18.1,1,1.2
2020/11/17,19.5,0,1.1
2020/11/18,21.4,0,2.3
2020/11/19,22.4,5,3.7
2020/11/20,17,0,3.2
2020/11/21,15.7,0,2.8
2020/11/22,15.8,4.5,2.2
2020/11/23,13.8,0.5,3.4
2020/11/24,13.7,0,1.8
2020/11/25,14.4,0,1.8
2020/11/26,14.4,0,1.5
2020/11/27,14.5,0,2.6
2020/11/28,11,0,4.3
2020/11/29,9.8,0,2.2
2020/11/30,9.9,0,3.1
2020/12/1,10.6,0,2.2
2020/12/2,11.4,0,1.8
2020/12/3,11.7,0,3.5
2020/12/4,10.7,0,2.2
2020/12/5,9.4,0,2.8
2020/12/6,9.7,0,1.5
2020/12/7,10.5,0,1.7
2020/12/8,10.6,0,3.1
2020/12/9,9.6,0,1.4
2020/12/10,10.7,0,1.3
2020/12/11,11.5,0,1.3
2020/12/12,12,0,3.1
2020/12/13,9.5,0,1.7
2020/12/14,6.7,0,6
2020/12/15,4.2,0,5.6
2020/12/16,5.3,0,5.5
2020/12/17,4.9,0,3.5
2020/12/18,6.3,0,2.2
2020/12/19,7.4,0,4.5
2020/12/20,7,0,2.9
2020/12/21,7.1,0,2.4
2020/12/22,7.9,0,1.9
2020/12/23,7.8,0,1.6
2020/12/24,9.2,9,2.1
2020/12/25,7.7,0,3.8
2020/12/26,6.5,0,1.9
2020/12/27,8.1,10.5,1.8
2020/12/28,11,0.5,2
2020/12/29,10.5,7,1.8
2020/12/30,4.7,15.5,6.7
2020/12/31,3.1,0,5
2021/1/1,4.6,0.5,2.5
2021/1/2,6.2,0.5,2.6
2021/1/3,5.7,0,3.3
2021/1/4,5.5,0,2
2021/1/5,7.7,0,2.7
2021/1/6,5.5,0,4
2021/1/7,1.3,4,4.7
2021/1/8,-0.5,1,5.2
2021/1/9,1.2,0,4.9
2021/1/10,2.8,0.5,3.8
2021/1/11,4,0,2.1
2021/1/12,4.3,7.5,1.9
2021/1/13,6.7,0.5,2.7
2021/1/14,9.3,0,1.9
2021/1/15,11.8,0,2.5
2021/1/16,11.5,0,3.2
2021/1/17,5.4,0,4.5
2021/1/18,6.2,0.5,3.4
2021/1/19,5.8,0,3.4
2021/1/20,5.7,0,1.5
2021/1/21,9.8,0,1.4
2021/1/22,14.7,2.5,1.6
2021/1/23,12.4,15,2.7
2021/1/24,10.3,6,4.2
2021/1/25,9.9,0,2.1
2021/1/26,11.5,7,1.9
2021/1/27,11.1,0,5.2
2021/1/28,8.4,0,3.3
2021/1/29,3.4,0,4.6
2021/1/30,5.3,0,2.2
2021/1/31,8.4,0,1.9
2021/2/1,12.1,24,3.4
2021/2/2,9,2,3.5
2021/2/3,5.7,0,2.8
2021/2/4,7.3,0,2.3
2021/2/5,7.7,0,1.8
2021/2/6,10.3,1.5,2.3
2021/2/7,10.6,0,2.1
2021/2/8,9,0,4.5
2021/2/9,6.5,0,3.3
2021/2/10,8,0,2.2
2021/2/11,9.7,0,1.7
2021/2/12,11.5,0,1.3
2021/2/13,15,0,1.7
2021/2/14,15.6,20,1.6
2021/2/15,12.1,6.5,4.1
2021/2/16,7.8,3.5,4.2
2021/2/17,2.5,0.5,6.6
2021/2/18,1.9,1,4.6
2021/2/19,6.5,0,2.3
2021/2/20,14,0,4
2021/2/21,17.6,0,4.3
2021/2/22,18.3,0,3.7
2021/2/23,13,0,4.1
2021/2/24,10.5,0,2.8
2021/2/25,10.9,0,2.3
2021/2/26,8.5,20.5,4
2021/2/27,9.3,0,3.2
2021/2/28,13.9,0,2.5
2021/3/1,18,0,3.8
2021/3/2,9.4,33,7.3
2021/3/3,8.5,0,3.1
2021/3/4,11.3,3,2.2
2021/3/5,13,13.5,2
2021/3/6,12.6,0,4.5
2021/3/7,10.1,0,3.6
2021/3/8,11.3,0,3.9
2021/3/9,10.6,0,1.9
2021/3/10,11.7,0,3.2
2021/3/11,13.1,0,1.6
2021/3/12,14.4,6.5,2.7
2021/3/13,12.6,1,6.1
2021/3/14,11.8,0,2.1
2021/3/15,13.4,0,2.2
2021/3/16,16.6,2.5,3.2
2021/3/17,13.7,0,3
2021/3/18,13.5,0,2.6
2021/3/19,14.8,0,2.5
2021/3/20,17.3,17.5,2
2021/3/21,13,18,3.6
2021/3/22,10,0,4.6
2021/3/23,11.7,0,2.6
2021/3/24,13.4,0,2.2
2021/3/25,15.6,0,2.3
2021/3/26,15.1,0,2.1
2021/3/27,18.6,0,3.7
2021/3/28,16.1,21.5,3.3
2021/3/29,16.6,0,2.2
2021/3/30,15.9,0,2.7
2021/3/31,14.4,0,2.4
2021/4/1,17.7,0,2.3
2021/4/2,20.6,0,3
2021/4/3,21.7,0,2.9
2021/4/4,16,9,5
2021/4/5,13,0,7.2
2021/4/6,13,0,2.9
2021/4/7,14.8,0,2.8
2021/4/8,15.7,0,2.4
2021/4/9,14.6,0,4.3
2021/4/10,13.6,0,3.4
2021/4/11,15.7,0,2.2
2021/4/12,17.5,1,3.1
2021/4/13,17.2,4,3.6
2021/4/14,13.4,0,4.4
2021/4/15,14.6,0,2.2
2021/4/16,16.2,0.5,2.6
2021/4/17,16.6,6,3.6
2021/4/18,13.1,0,4
2021/4/19,14.6,0,3.1
2021/4/20,16.4,0,2.7
2021/4/21,18.2,0,2.4
2021/4/22,21.2,0,2.1
2021/4/23,21.4,0,2.3
2021/4/24,19.5,0,2.8
2021/4/25,17.2,0,5.4
2021/4/26,15.5,0,4.3
2021/4/27,17.9,0,2
2021/4/28,17.8,9,2.2
2021/4/29,17.3,36,2.4
2021/4/30,19.3,0.5,3.9
2021/5/1,17.1,1.5,4.8
2021/5/2,13.9,4.5,4.1
2021/5/3,15.5,0,2.4
2021/5/4,18.8,0.5,3.2
2021/5/5,19.3,7,3.2
2021/5/6,18.2,0,2.4
2021/5/7,20.7,0,2.7
2021/5/8,21.2,0,3
2021/5/9,21.1,0,3.5
2021/5/10,19.9,0,2.8
2021/5/11,20.6,0,1.7
2021/5/12,18.3,13,2.1
2021/5/13,20.8,0,1.9
2021/5/14,23.1,0,2
2021/5/15,23,17,2.8
2021/5/16,27,1,4.4
2021/5/17,22,3.5,2.4
2021/5/18,19.4,1,1.8
2021/5/19,20.9,0,2.2
2021/5/20,22.2,55,3.2
2021/5/21,20.3,0,3.4
2021/5/22,19.9,0,3.1
2021/5/23,21.8,0,2.5
2021/5/24,19,11,2.1
2021/5/25,21.4,0,3.5
2021/5/26,19.5,4.5,2.3
2021/5/27,19.5,14,2.9
2021/5/28,22.4,0,3.2
2021/5/29,21.3,0,3.1
2021/5/30,21.5,0,2.5
2021/5/31,22.8,0,2.5
2021/6/1,23.9,0,2.3
2021/6/2,24.2,0,2.1
2021/6/3,22.5,27.5,3.1
2021/6/4,21,38.5,2.3
2021/6/5,21,0,2
2021/6/6,21.7,0,2
2021/6/7,23.7,0,2.3
2021/6/8,25,0,2.4
2021/6/9,25.1,0,2.5
2021/6/10,26.9,0,2.5
2021/6/11,24.7,6,3.6
2021/6/12,26,2.5,3.1
2021/6/13,24.6,1,2.2
2021/6/14,24.8,0,2.8
2021/6/15,23.9,12.5,2
2021/6/16,22.2,16.5,2.2
2021/6/17,23.6,0,2.6
2021/6/18,22.8,17.5,1.6
2021/6/19,23.6,1,2.9
2021/6/20,23.9,0,2.4
2021/6/21,25.4,0,2.6
2021/6/22,23.9,0,3.7
2021/6/23,23.6,0,3.2
2021/6/24,23.7,0,3.4
2021/6/25,24.2,0,2.5
2021/6/26,25.6,0,2.2
2021/6/27,26.6,0,1.9
2021/6/28,25.7,0,3.5
2021/6/29,25.1,0,3.7
2021/6/30,25.9,0,2.2
2021/7/1,28.1,0,2.9
2021/7/2,25.9,0,3
2021/7/3,26.1,8.5,2.2
2021/7/4,30,0,4.9
2021/7/5,29.7,1,3
2021/7/6,30.1,0,3.5
2021/7/7,30.4,0,3.8
2021/7/8,29.2,2,3.1
2021/7/9,27.3,28.5,2.2
2021/7/10,27,2.5,2.8
2021/7/11,28.2,0,2.5
2021/7/12,29,0,2.2
2021/7/13,29.3,0,2.5
2021/7/14,29.7,0,2.9
2021/7/15,27.5,2,2.6
2021/7/16,27.6,0,2.6
2021/7/17,26.5,1,2.4
2021/7/18,28.8,0,2.4
2021/7/19,29.9,0,2.4
2021/7/20,30.5,0,2.6
2021/7/21,30.1,0,3
2021/7/22,29.7,0,2.6
2021/7/23,30.1,0,2.6
2021/7/24,30.5,0,2.7
2021/7/25,30.1,0,3
2021/7/26,30,0,2.6
2021/7/27,29,0,3.4
2021/7/28,28.5,0,3
2021/7/29,28.6,0,2.7
2021/7/30,28.9,0,2.5
2021/7/31,29.5,0,1.9
2021/8/1,28.4,17,2.1
2021/8/2,29.5,0.5,2.3
2021/8/3,28.6,84.5,2.5
2021/8/4,30.8,0,2.6
2021/8/5,31.7,0,2.7
2021/8/6,31.7,0,2.8
2021/8/7,30.7,0,2.9
2021/8/8,27.6,58.5,4.1
2021/8/9,26.8,27,4.5
2021/8/10,27,7,2.1
2021/8/11,23.7,50.5,2.8
2021/8/12,24.7,90.5,2.7
2021/8/13,24.1,108.5,1.8
2021/8/14,23.4,231.5,1.6
2021/8/15,25.4,0.5,3.1
2021/8/16,24.3,16.5,1.9
2021/8/17,24.1,85,2.9
2021/8/18,24.3,6.5,1.6
2021/8/19,25.6,0.5,2.4
2021/8/20,26.6,0,1.9
2021/8/21,27.5,30,3.3
2021/8/22,26.6,35.5,2
2021/8/23,28.6,0.5,2.4
2021/8/24,29.2,5.5,4.4
2021/8/25,29.5,19,3.4
2021/8/26,28.2,6.5,2.7
2021/8/27,29.4,0,2.4
2021/8/28,28.7,0,2.6
2021/8/29,28.8,0,2.5
2021/8/30,28.7,0,2.6
2021/8/31,29,0,2.4
2021/9/1,29.5,0,2.9
2021/9/2,26.9,29.5,3.3
2021/9/3,25.9,143.5,1.9
2021/9/4,26.1,0.5,4.7
2021/9/5,25.7,0,3
2021/9/6,26.5,0,3.2
2021/9/7,27.7,3,2.1
2021/9/8,26.1,14,2.8
2021/9/9,25.9,0,3
2021/9/10,25.8,0,2.2
2021/9/11,25.8,0,1.7
2021/9/12,26.3,0,2
2021/9/13,25.3,6,1.2
2021/9/14,23.3,29,2.2
2021/9/15,24.5,0,3
2021/9/16,27.3,0,2.4
2021/9/17,26,16.5,5.8
2021/9/18,24.4,1,5.5
2021/9/19,24.6,0,3.6
2021/9/20,25.8,0,2.1
2021/9/21,27.8,2.5,3.4
2021/9/22,26.8,1,2.5
2021/9/23,25.6,0,2.7
2021/9/24,23.6,0,3.1
2021/9/25,24.2,0,2.2
2021/9/26,24.5,0,3.5
2021/9/27,25.1,0,2.5
2021/9/28,26.5,0,1.8
2021/9/29,27.9,0,2.5
2021/9/30,26.1,0,3.1
2021/10/1,24.9,0,4.3
2021/10/2,24.2,0,2
2021/10/3,24.6,0,2
2021/10/4,24.9,0,2.3
2021/10/5,25,0,2.4
2021/10/6,24.4,0,2.6
2021/10/7,24.4,0,2.3
2021/10/8,25.3,0,2
2021/10/9,27.2,0,2.1
2021/10/10,27.2,0,2.6
2021/10/11,26,0,2.2
2021/10/12,25.1,0,3.3
2021/10/13,24.3,0,3.9
2021/10/14,23.6,0,3.4
2021/10/15,22.8,0,2.5
2021/10/16,19.9,21,4.1
2021/10/17,18.2,1,6.5
2021/10/18,17.8,0,2.2
2021/10/19,18,0.5,2.8
2021/10/20,16.8,0.5,3.3
2021/10/21,16,0,2.6
2021/10/22,15.9,21,3.5
2021/10/23,16.1,0,2.9
2021/10/24,16.2,0,2.2
2021/10/25,16.9,0,1.9
2021/10/26,17.3,0,2.1
2021/10/27,17.8,0,1.9
2021/10/28,18,0,2.8
2021/10/29,17.8,0,3.3
2021/10/30,17.1,0,1.6
2021/10/31,18.3,0,2.6
2021/11/1,17.7,0,1.9
2021/11/2,17,0,3
2021/11/3,16,0,2
2021/11/4,16.8,0,2.6
2021/11/5,16.9,0,1.8
2021/11/6,16.3,0,1.6
2021/11/7,17.3,0,2.4
2021/11/8,16.9,7,2.7
2021/11/9,12.7,10.5,3.2
2021/11/10,11.2,47,2.3
2021/11/11,12.1,17,2.3
2021/11/12,11.9,6,3.4
2021/11/13,13.1,0,2.1
2021/11/14,14,0,1.7
2021/11/15,14.2,0,2
2021/11/16,14.2,0,1.7
2021/11/17,13.8,0,1.6
2021/11/18,14,0,1.8
2021/11/19,13.3,0,1.5
2021/11/20,14.5,0,1.4
2021/11/21,14.7,3,2.6
2021/11/22,13.4,27.5,3.7
2021/11/23,10.5,0.5,3.9
2021/11/24,12.7,0,3.6
2021/11/25,14.4,0,2.6
2021/11/26,12.2,0,2.7
2021/11/27,10.9,0,2.9
2021/11/28,10.3,0,2
2021/11/29,11.1,0,1.8
2021/11/30,13.2,34,3.2
2021/12/1,9.4,0,5.5
2021/12/2,7.7,0,2.8
2021/12/3,9,6,2.6
2021/12/4,9.4,0,5.4
2021/12/5,10.2,0,1.9
2021/12/6,10.7,0,1.6
2021/12/7,10.3,11.5,1.6
2021/12/8,12.8,0,4
2021/12/9,11,0,1.4
2021/12/10,12.2,0.5,1.5
2021/12/11,13.4,0,1.6
2021/12/12,13.5,0,2.7
2021/12/13,8.9,0,3.4
2021/12/14,7.6,0,2.2
2021/12/15,10.3,0,2.4
2021/12/16,11.4,22.5,2.1
2021/12/17,8.8,0,5.9
2021/12/18,4.4,0,3.8
2021/12/19,7.8,1.5,3.2
2021/12/20,9.2,0,2.4
2021/12/21,12.5,0,2.1
2021/12/22,10.7,0,1.8
2021/12/23,9.6,0,1.3
2021/12/24,9.3,1.5,1.3
2021/12/25,7.8,0,5.9
2021/12/26,2.3,0,7
2021/12/27,3.9,0,4.3
2021/12/28,5.9,0,2.1
2021/12/29,7.7,1.5,2.2
2021/12/30,8,0,4.6
2021/12/31,5.7,0,5.1
2022/1/1,4.6,0,1.7
2022/1/2,7,0,2.1
2022/1/3,6.9,0,2
2022/1/4,6.7,0,1.9
2022/1/5,6.9,2.5,1.5
2022/1/6,8.2,1.5,2.4
2022/1/7,7.7,0,1.8
2022/1/8,8.1,0,1.7
2022/1/9,8.2,0,1.7
2022/1/10,8.6,0,1.5
2022/1/11,6.7,8.5,4.6
2022/1/12,4.6,0,3.9
2022/1/13,5.6,0,4.5
2022/1/14,4.4,0,3.8
2022/1/15,5.4,0,1.6
2022/1/16,6.5,2,1.9
2022/1/17,7.1,0,3.7
2022/1/18,5.4,0,3.8
2022/1/19,4.6,0,1.9
2022/1/20,5.9,1.5,3.6
2022/1/21,6.4,0,2.3
2022/1/22,6.9,0,1.4
2022/1/23,7.9,29,1.1
2022/1/24,8.7,0,3.5
2022/1/25,8.1,0,1.9
2022/1/26,9.2,0,2.6
2022/1/27,8.5,0,1.4
2022/1/28,8.3,0,2.2
2022/1/29,7.3,0,2.2
2022/1/30,7.2,3,2
2022/1/31,6.3,0,2.2
2022/2/1,6.1,1,3.3
2022/2/2,5.7,0,2.1
2022/2/3,6.2,0,2.9
2022/2/4,5.9,0,3.4
2022/2/5,4.3,0,5.2
2022/2/6,4.3,0,5
2022/2/7,5.9,0,1.9
2022/2/8,6.7,0,2.3
2022/2/9,8.1,0,2.7
2022/2/10,8.6,1.5,1.7
2022/2/11,8.5,0,2.6
2022/2/12,9.4,0,2.2
2022/2/13,8.2,9,1.7
2022/2/14,9.4,0,2.1
2022/2/15,7.8,0,3.9
2022/2/16,4.2,0,4.9
2022/2/17,1.7,0,4.9
2022/2/18,5.4,0,2.4
2022/2/19,6.1,11,1.3
2022/2/20,4.5,0,6
2022/2/21,4.2,0,4.4
2022/2/22,5.1,0,4.1
2022/2/23,3.9,0,2.5
2022/2/24,4,0,2.9
2022/2/25,5.6,0,2.6
2022/2/26,8.2,0,2.6
2022/2/27,9.6,0,3.3
2022/2/28,9.4,0,1.8
2022/3/1,12.1,7,2.4
2022/3/2,9.8,0,3.4
2022/3/3,9.6,0,2.6
2022/3/4,9,0,2.5
2022/3/5,11,0,4
2022/3/6,7.6,0,4.3
2022/3/7,7.3,0,2.5
2022/3/8,9.1,0,1.8
2022/3/9,10.8,0,2.5
2022/3/10,11.5,0,1.8
2022/3/11,15.1,0,1.9
2022/3/12,17.4,0,1.9
2022/3/13,18.7,0,2.9
2022/3/14,18.8,0.5,2.6
2022/3/15,15.1,0,2.8
2022/3/16,15.3,0,2.1
2022/3/17,14.6,3,2.8
2022/3/18,11.4,37.5,4.6
2022/3/19,10.4,2.5,3.7
2022/3/20,10.6,0,2
2022/3/21,11.6,4.5,2.5
2022/3/22,10.8,23.5,3.8
2022/3/23,9.3,1.5,1.4
2022/3/24,10.7,0,2.2
2022/3/25,14.8,0,2.6
2022/3/26,16.5,6.5,4.7
2022/3/27,15.5,0,2.6
2022/3/28,13,0,4.3
2022/3/29,14.2,0,1.9
2022/3/30,17.8,0,2
2022/3/31,14.4,22.5,4.1
2022/4/1,11.9,0,6.2
2022/4/2,10.3,0,3.3
2022/4/3,11.1,0,3.7
2022/4/4,12,0,2.8
2022/4/5,13.3,0,2.3
2022/4/6,15.4,0,2.5
2022/4/7,16.2,0,2.8
2022/4/8,16,0,2.3
2022/4/9,17.6,0,2.3
2022/4/10,18.7,0,2.1
2022/4/11,19.2,2.5,2.4
2022/4/12,20.1,0.5,2
2022/4/13,17.8,0,3.7
2022/4/14,15.4,60,3.8
2022/4/15,13.5,0,6.7
2022/4/16,13.4,0,5.7
2022/4/17,14.9,0,2.1
2022/4/18,15.6,0,1.6
2022/4/19,16.3,0,2
2022/4/20,18,0,2.1
2022/4/21,16.1,8,2
2022/4/22,18.7,0,2.1
2022/4/23,18.6,0,2.4
2022/4/24,19.7,4,1.6
2022/4/25,21.6,0,2.2
2022/4/26,23.4,34,3.4
2022/4/27,19.2,0.5,3.7
2022/4/28,18.5,0,2.8
2022/4/29,15.3,32,6
2022/4/30,15.3,0,3.8
2022/5/1,16,0,2.8
2022/5/2,16.8,0,2.7
2022/5/3,16.3,0,3.1
2022/5/4,17.6,0,2.3
2022/5/5,20.5,0,2.3
2022/5/6,20.5,0,2.5
2022/5/7,22,0,2.8
2022/5/8,19.1,0,3.8
2022/5/9,18.9,0,3.5
2022/5/10,20,0.5,1.7
2022/5/11,21.1,6,1.5
2022/5/12,21.2,4.5,1.6
2022/5/13,19.1,26,2.6
2022/5/14,18.5,1,3.9
2022/5/15,17.9,0,3.1
2022/5/16,18.4,0,2.3
2022/5/17,20.1,0,2.4
2022/5/18,21,0,2.2
2022/5/19,20.9,0,2
2022/5/20,21.2,0,1.8
2022/5/21,21,0,2.4
2022/5/22,23.4,0,2.8
2022/5/23,22.1,0,2.1
2022/5/24,23.4,0,2.4
2022/5/25,24,0,2.6
2022/5/26,21.8,1.5,1.8
2022/5/27,23.5,0,3.6
2022/5/28,24.2,0,2.7
2022/5/29,23.8,0,2.6
2022/5/30,21.9,5.5,2.4
2022/5/31,22.6,0,2.9
2022/6/1,22.7,0,2.1
2022/6/2,22.9,0,2.6
2022/6/3,22.6,0,3.2
2022/6/4,24.9,0,2.1
2022/6/5,20.7,42,2.8
2022/6/6,20.3,11,4.8
2022/6/7,21,0,4.7
2022/6/8,21.1,0,4
2022/6/9,21.8,0,2.7
2022/6/10,23.2,24.5,2.2
2022/6/11,21.7,4,2.5
2022/6/12,22.4,0,4.4
2022/6/13,20.6,10.5,1.5
2022/6/14,20.7,9,2.7
2022/6/15,23.9,0,2.9
2022/6/16,25.6,0,2.6
2022/6/17,25.7,0,2.6
2022/6/18,26.2,0,2.4
2022/6/19,26.1,0,2.3
2022/6/20,25.8,0.5,2.2
2022/6/21,25,16.5,2.7
2022/6/22,26,4.5,2
2022/6/23,29.7,0,5.2
2022/6/24,29.2,0,5.8
2022/6/25,25.6,16,3.8
2022/6/26,28.3,0,3.3
2022/6/27,30.1,0,3.4
2022/6/28,30.4,0,4.4
2022/6/29,30.7,0,4.1
2022/6/30,29.9,0,2.8
2022/7/1,29.3,0,2.9
2022/7/2,30.5,0,2.2
2022/7/3,30.6,0,2.4
2022/7/4,28.2,14,2.5
2022/7/5,27.4,2,2.4
2022/7/6,28.3,3.5,2.1
2022/7/7,29.6,0,2.4
2022/7/8,30,2,2.6
2022/7/9,28.7,0.5,3
2022/7/10,28.4,0,3
2022/7/11,28.9,0.5,2.4
2022/7/12,27.9,0,3.5
2022/7/13,27.7,0,2.2
2022/7/14,30.3,0.5,2.9
2022/7/15,28,7,2.5
2022/7/16,27.4,7,2.8
2022/7/17,27.9,0,2.8
2022/7/18,28.1,40,3.6
2022/7/19,28,27,2.8
2022/7/20,28.2,0,2.3
2022/7/21,30.6,0,4.1
2022/7/22,27.4,0,3.9
2022/7/23,27.3,0,2.5
2022/7/24,28.6,0,2.9
2022/7/25,27.9,1,2.5
2022/7/26,28.6,0,3.2
2022/7/27,29.2,0,2.6
2022/7/28,30.6,0.5,2.7
2022/7/29,31.4,0,3.2
2022/7/30,31,0,3
2022/7/31,31.1,0,3.7
2022/8/1,32.4,0,4.5
2022/8/2,31.8,0,3.2
2022/8/3,31.5,0,2.8
2022/8/4,31,0,2.7
2022/8/5,31.1,0,2.9
2022/8/6,30,4,2.1
2022/8/7,30.4,6,2.3
2022/8/8,31.6,0,2.5
2022/8/9,31.3,0,2.4
2022/8/10,30.9,0,2.4
2022/8/11,31.6,0,2.7
2022/8/12,29.5,3.5,2
2022/8/13,30.2,7,2.3
2022/8/14,31.5,0,2.6
2022/8/15,31.6,1.5,3.7
2022/8/16,29.4,19,3.3
2022/8/17,26.4,39.5,2.5
2022/8/18,27.9,40.5,2.7
2022/8/19,30.4,0,2.6
2022/8/20,31.7,0,2.4
2022/8/21,28.9,125.5,3.4
2022/8/22,29.3,0,2.3
2022/8/23,29.6,0,2.1
2022/8/24,27.7,20,2.1
2022/8/25,27.6,0,3
2022/8/26,26.9,0,2.6
2022/8/27,27.1,0,2.9
2022/8/28,26.4,0,3.6
2022/8/29,27.9,0,2.5
2022/8/30,29.6,0,2.3
2022/8/31,29.3,0,2.9
2022/9/1,25.7,26,4.5
2022/9/2,24.5,14,2.3
2022/9/3,25.2,16,1.3
2022/9/4,29.2,0,2.6
2022/9/5,29.4,6,4.1
2022/9/6,26.5,20,6.5
2022/9/7,24.8,0,3.4
2022/9/8,25.6,0,3.9
2022/9/9,25.9,0,3.5
2022/9/10,26.4,0,2.8
2022/9/11,27.2,0,2.8
2022/9/12,29.4,0,2.1
2022/9/13,29.1,1.5,2.5
2022/9/14,30,0,2.8
2022/9/15,30.4,0,2.3
2022/9/16,29.9,0,2.8
2022/9/17,28.1,0,3.1
2022/9/18,26.7,58,6
2022/9/19,24.5,31,8.5
2022/9/20,21.4,0,6.2
2022/9/21,21.5,0,4.1
2022/9/22,23.5,0,2.5
2022/9/23,23.7,0,2
2022/9/24,22.9,0,3.7
2022/9/25,23.2,0,2
2022/9/26,23.8,2,1.4
2022/9/27,22.5,41,2.9
2022/9/28,22.9,1.5,3.4
2022/9/29,23.4,0,3
2022/9/30,23.1,0,2.3
2022/10/1,23.5,0,2
2022/10/2,24.7,0,1.9
2022/10/3,26.7,0,2.3
2022/10/4,26.2,7.5,3.5
2022/10/5,22,0,4.9
2022/10/6,21.4,0,1.7
2022/10/7,19.4,20,3.2
2022/10/8,19.6,0,3.7
2022/10/9,18.4,14.5,1.9
2022/10/10,18.5,5,3.9
2022/10/11,17.4,0,3.1
2022/10/12,18.4,0,2
2022/10/13,19.8,0,2.5
2022/10/14,20.4,0,2.6
2022/10/15,20.7,0,2.2
2022/10/16,21.6,0,1.8
2022/10/17,21.2,0,2.1
2022/10/18,18.2,2,5.3
2022/10/19,17,0,2.9
2022/10/20,17.8,0,1.8
2022/10/21,19.8,0,2.1
2022/10/22,21.9,0,2.1
2022/10/23,20.7,0,3
2022/10/24,17,17,4.3
2022/10/25,15.1,3,4
2022/10/26,15.8,0,1.8
2022/10/27,16.5,0,1.4
2022/10/28,17.3,0,2
2022/10/29,16.9,0,3
2022/10/30,16.4,0,3.2
2022/10/31,16.5,0,2.3
2022/11/1,17.4,0,2.4
2022/11/2,17.1,0,2
2022/11/3,17,0,1.9
2022/11/4,15.9,0,2.9
2022/11/5,13.9,0,2.2
2022/11/6,14.4,0,2
2022/11/7,14.9,0,1.8
2022/11/8,15.3,0,1.6
2022/11/9,15.6,0,1.6
2022/11/10,17.4,0,1.6
2022/11/11,18,0,1.6
2022/11/12,20.3,0,2
2022/11/13,19.3,1.5,3.4
2022/11/14,16.4,0,2.9
2022/11/15,15,0,2.4
2022/11/16,14.2,0,2.1
2022/11/17,14.8,0,1.7
2022/11/18,15.3,0,1.5
2022/11/19,16.1,0,1.5
2022/11/20,15.7,2,2.6
2022/11/21,15.7,0,1.7
2022/11/22,15.5,2,1.3
2022/11/23,15.9,17,2.7
2022/11/24,15.2,0,1.8
2022/11/25,15.4,0,1.8
2022/11/26,17.2,0,2.2
2022/11/27,15.5,0,1.8
2022/11/28,19.7,0,3
2022/11/29,19.4,11.5,3.9
2022/11/30,11.6,0,6.5
2022/12/1,8.2,0,4.6
2022/12/2,7.5,0,3.4
2022/12/3,9.3,0,1.6
2022/12/4,11.3,1,2.1
2022/12/5,10.4,1.5,1.6
2022/12/6,9.3,0,3.5
2022/12/7,10.4,0,2.3
2022/12/8,9.4,0,1.6
2022/12/9,10.3,0,1.4
2022/12/10,11.2,0,1.4
2022/12/11,11.6,1.5,3.9
2022/12/12,10.4,2,1.8
2022/12/13,11.4,0.5,3
2022/12/14,7.6,0,4.7
2022/12/15,6,0,2.2
2022/12/16,7.3,0,1.8
2022/12/17,6.8,1,3.5
2022/12/18,3.6,0.5,5.3
2022/12/19,5.6,0,4
2022/12/20,5.8,0,2
2022/12/21,6.8,10,2.1
2022/12/22,6,7.5,4.8
2022/12/23,2.1,5,6.6
2022/12/24,3.8,1.5,3.2
2022/12/25,6.1,4,2.7
2022/12/26,6.5,0,1.8
2022/12/27,6.3,0,1.7
2022/12/28,6.9,0,2.1
2022/12/29,6.7,0,2.5
2022/12/30,6,0,1.8
2022/12/31,7.1,0,2.5
2023/1/1,7.3,0,1.8
2023/1/2,7.2,0,2.3
2023/1/3,5.6,0,2.1
2023/1/4,5.9,0,2.6
2023/1/5,6.3,0,1.8
2023/1/6,8.1,0,1.9
2023/1/7,8.8,5,3.4
2023/1/8,7.8,0,1.7
2023/1/9,10,0,2.3
2023/1/10,10,0,3.9
2023/1/11,8.5,0,1.5
2023/1/12,12.4,0,2
2023/1/13,16.5,17,3.6
2023/1/14,14.8,25,3
2023/1/15,12.4,4,2.7
2023/1/16,8.5,14,3.2
2023/1/17,7.1,3,2.1
2023/1/18,6.1,2,1.8
2023/1/19,6.3,0,1.6
2023/1/20,7.8,0,2.7
2023/1/21,6.3,0,2.3
2023/1/22,4.9,14,1.7
2023/1/23,7.7,4.5,2
2023/1/24,1.9,3,6
2023/1/25,-0.3,0,4
2023/1/26,2.3,0,1.8
2023/1/27,3.9,5,5
2023/1/28,2,0,4.6
2023/1/29,4.3,0.5,2.5
2023/1/30,6.4,0,3.6
2023/1/31,5.6,0,1.8
2023/2/1,11.1,0,2.9
2023/2/2,8.8,0,3.7
2023/2/3,7.6,0,1.4
2023/2/4,7.1,0,2.5
2023/2/5,6.1,0,1.9
2023/2/6,6.9,5,1
2023/2/7,9.7,1,1.9
2023/2/8,9.4,0,2.2
2023/2/9,9.5,0,2.3
2023/2/10,9.2,14.5,3.1
2023/2/11,9.8,0,1.7
2023/2/12,10.5,8.5,1.7
2023/2/13,10.3,6,4.8
2023/2/14,8.3,0.5,3.4
2023/2/15,5.8,0,4
2023/2/16,7,0,2
2023/2/17,9.4,0,2.4
2023/2/18,14.7,2,2.5
2023/2/19,12.9,13.5,3.2
2023/2/20,9.3,0,5.2
2023/2/21,6.5,1,5.3
2023/2/22,7,0,2.4
2023/2/23,10.1,0,1.5
2023/2/24,10.1,5,2.5
2023/2/25,7.5,2,3.2
2023/2/26,7.5,1,3.4
2023/2/27,7.7,0,1.8
2023/2/28,11.1,0,2
2023/3/1,12.5,17.5,2.1
2023/3/2,8.5,0,5.1
2023/3/3,8.1,0,2.2
2023/3/4,11,0,2.5
2023/3/5,10.4,0,3.2
2023/3/6,11,0,1.8
2023/3/7,12.9,0,2.2
2023/3/8,14.4,0,2.3
2023/3/9,16.1,1.5,2.8
2023/3/10,15.9,0,2.2
2023/3/11,16.3,0,1.7
2023/3/12,16,7.5,2.8
2023/3/13,8.1,0,4.1
2023/3/14,9.7,0,1.9
2023/3/15,15.5,0,2.8
2023/3/16,15.5,0,3
2023/3/17,13.4,9,2.4
2023/3/18,12.5,4,3.8
2023/3/19,12.4,0,2.3
2023/3/20,13.8,0,1.9
2023/3/21,14.8,20.5,1.9
2023/3/22,19.1,0,2.6
2023/3/23,18.8,13.5,3.3
2023/3/24,14.8,0.5,3.9
2023/3/25,14.4,3.5,4.2
2023/3/26,12.7,12,2.7
2023/3/27,13,0,2.4
2023/3/28,13.3,0,2.5
2023/3/29,13.5,0,2.3
2023/3/30,15.3,0,1.8
2023/3/31,17.8,0,2.2
2023/4/1,17.3,0,3
2023/4/2,15.9,0,4.5
2023/4/3,15.2,0,2.9
2023/4/4,17.8,0,1.9
2023/4/5,17.5,12.5,3.8
2023/4/6,16.4,3,2.2
2023/4/7,14.6,18,3.2
2023/4/8,13.2,0,4.4
2023/4/9,13.4,0,2.6
2023/4/10,15.4,0,2.2
2023/4/11,19.1,0,3.2
2023/4/12,16.5,15.5,3.3
2023/4/13,16,0,2.2
2023/4/14,15.1,29,2.3
2023/4/15,15.5,15,2.6
2023/4/16,16,1,3.5
2023/4/17,15.3,0,2.1
2023/4/18,21,0,4
2023/4/19,22.5,0,2.9
2023/4/20,21.7,0,2.3
2023/4/21,18.7,0,4
2023/4/22,16.4,0,5.6
2023/4/23,16.4,0,4.3
2023/4/24,14.8,0,2.6
2023/4/25,12.7,36,1.9
2023/4/26,15.4,4,3.9
2023/4/27,16.3,0,2.5
2023/4/28,19.2,0,2.4
2023/4/29,18.6,48,2.9
2023/4/30,16.7,0,2.8
2023/5/1,16.8,0,2.9
2023/5/2,17.7,0,2.5
2023/5/3,19.7,0,2.4
2023/5/4,20.2,3.5,2.7
2023/5/5,22.2,1.5,5.5
2023/5/6,19.6,52.5,4.1
2023/5/7,15.5,79,5
2023/5/8,16.3,0.5,6.6
2023/5/9,16.6,0,2.6
2023/5/10,18,0,2.4
2023/5/11,19.1,0,2.2
2023/5/12,20.5,1,2.4
2023/5/13,17.4,3,2.8
2023/5/14,19.4,0,2.7
2023/5/15,20.3,0,2.4
2023/5/16,23.5,0,2.6
2023/5/17,23.7,0,2.4
2023/5/18,20.7,4,2.3
2023/5/19,19.1,18.5,3.9
2023/5/20,19.8,0,4.6
2023/5/21,20.8,0,2.4
2023/5/22,20,0,2.4
2023/5/23,19.9,0.5,5.9
2023/5/24,19.4,0,2.8
2023/5/25,20.9,0,2
2023/5/26,22.2,0,2.4
2023/5/27,24.1,0,2.2
2023/5/28,25.2,0,2.4
2023/5/29,26,0.5,2.5
2023/5/30,21.3,58,2.4
2023/5/31,21.7,23.5,2.3
2023/6/1,23.9,9,2.1
2023/6/2,23.3,7.5,2.4
2023/6/3,21.9,0,4
2023/6/4,22.5,0,2.2
2023/6/5,22.5,0,1.7
2023/6/6,19.4,22,2
2023/6/7,22.7,0,2.4
2023/6/8,20.3,14.5,2.3
2023/6/9,22.3,0,2.1
2023/6/10,23.3,0.5,2.3
2023/6/11,24.4,0.5,2.2
2023/6/12,24.8,0,2.4
2023/6/13,24.8,0,1.9
2023/6/14,24,0,1.9
2023/6/15,24,0,2.8
2023/6/16,24.7,0,2.3
2023/6/17,25.2,0,2.4
2023/6/18,24.7,0,2.1
2023/6/19,24.4,0,3.1
2023/6/20,26.2,0,2.5
2023/6/21,24.3,31.5,3.1
2023/6/22,24.6,0,2.8
2023/6/23,24.6,0,2.8
2023/6/24,24.1,0,2.4
2023/6/25,24.7,27,2.2
2023/6/26,27,6,2.9
2023/6/27,28.6,0,3.6
2023/6/28,28.5,1,2.5
2023/6/29,28.6,2,2.9
2023/6/30,26.5,47.5,1.9
2023/7/1,25.8,70.5,2.1
2023/7/2,27.6,0,2
2023/7/3,25.7,54.5,3.1
2023/7/4,26.8,1.5,2.1
2023/7/5,27.9,10,3
2023/7/6,27,0,2.5
2023/7/7,28.3,54.5,2.9
2023/7/8,27.7,41.5,2.7
2023/7/9,27.4,44.5,1.8
2023/7/10,26.6,198,2.9
2023/7/11,30.3,0,3.5
2023/7/12,29.1,6.5,3.3
2023/7/13,30.3,0,3.1
2023/7/14,29.7,0,3.4
2023/7/15,30.7,0,3.8
2023/7/16,31.3,0,3.4
2023/7/17,30.5,0,2.8
2023/7/18,31,2,3.2
2023/7/19,27.8,25.5,3.3
2023/7/20,26.8,1,3.6
2023/7/21,28.3,0,2.4
2023/7/22,29,0,1.9
2023/7/23,30.4,0,2.7
2023/7/24,29.3,6.5,2.7
2023/7/25,28.3,12.5,2.2
2023/7/26,29.7,0,2.7
2023/7/27,30.3,1.5,2.2
2023/7/28,30,0,2.4
2023/7/29,30.2,6,2.3
2023/7/30,30.2,0,2.2
2023/7/31,30.4,0,2
2023/8/1,31.8,0,2.5
2023/8/2,31,18.5,2.2
2023/8/3,31.2,12,2.5
2023/8/4,31.9,0,2.5
2023/8/5,32.2,0,3
2023/8/6,32.2,0,3
2023/8/7,30.8,0,3.8
2023/8/8,30.5,0,5.3
2023/8/9,28.3,58.5,4.9
2023/8/10,28.6,31.5,6.2
2023/8/11,29.4,0,2.7
2023/8/12,28.9,0,2.6
2023/8/13,28.2,0,3
2023/8/14,28.9,0,5.1
2023/8/15,27.1,0.5,6
2023/8/16,27,0.5,3.8
2023/8/17,27.3,15,2.3
2023/8/18,29.1,0,2.3
2023/8/19,30.1,0,3
2023/8/20,30.1,0,2.3
2023/8/21,29.7,3.5,2.2
2023/8/22,30,0,2.6
2023/8/23,29.9,0,1.9
2023/8/24,31.1,0,3.2
2023/8/25,28.6,3,1.9
2023/8/26,29.4,0,2.3
2023/8/27,29.1,14,2.2
2023/8/28,29.7,0,2.6
2023/8/29,31,0,3.5
2023/8/30,29.3,7,2.2
2023/8/31,28.9,0,3.4
2023/9/1,26.2,5.5,2.1
2023/9/2,27.6,0,1.6
2023/9/3,29.2,0,2.6
2023/9/4,29,0,4.2
2023/9/5,26.7,30,4.2
2023/9/6,26.7,0.5,4.9
2023/9/7,27.2,0,4.8
2023/9/8,26.8,0,4
2023/9/9,26.8,0,3
2023/9/10,27.2,0,2.2
2023/9/11,27.1,0,2.5
2023/9/12,27.8,0,2.4
2023/9/13,28.8,0,2.3
2023/9/14,26.4,42,1.8
2023/9/15,27.1,4.5,1.4
2023/9/16,28.7,0.5,2.3
2023/9/17,26,15,2.3
2023/9/18,27.3,0,2.2
2023/9/19,27.5,0,2.2
2023/9/20,28.2,0,2.3
2023/9/21,27.9,0,3.9
2023/9/22,24.1,4.5,1.9
2023/9/23,25.3,0,4
2023/9/24,25.2,0,3
2023/9/25,26.8,0,2.2
2023/9/26,27.4,1,1.9
2023/9/27,26.8,0,2.5
2023/9/28,26.1,0,2.5
2023/9/29,25.7,0,2.5
2023/9/30,24.7,1,2.5
2023/10/1,23.8,0,3.3
2023/10/2,23,0,3.3
2023/10/3,22.3,0,1.6
2023/10/4,23.5,0,2.5
2023/10/5,21.8,0,4.1
2023/10/6,20.8,0,2.6
2023/10/7,21.2,0,1.9
2023/10/8,17.4,14.5,1.8
2023/10/9,20.7,0,2.3
2023/10/10,22.1,0,4.6
2023/10/11,21.5,0,3.6
2023/10/12,20.2,0,3.1
2023/10/13,20.6,0,2.3
2023/10/14,21.2,0,1.9
2023/10/15,20.6,0,3
2023/10/16,20.8,0,2.4
2023/10/17,20.2,0,2.3
2023/10/18,19.7,0,2
2023/10/19,21,0,1.9
2023/10/20,18.3,4.5,3.8
2023/10/21,16.5,0,4.3
2023/10/22,17.2,0,2.3
2023/10/23,17.9,0,2.1
2023/10/24,17.6,0,1.9
2023/10/25,18.3,0,1.9
2023/10/26,18.8,0,1.9
2023/10/27,18.9,3.5,3.3
2023/10/28,18.3,0.5,2.7
2023/10/29,16.8,0,2.4
2023/10/30,16.1,0,2
2023/10/31,17,0,1.6
2023/11/1,19,0,2
2023/11/2,19.7,0,2
2023/11/3,20.8,0,2
2023/11/4,21.1,0,1.8
2023/11/5,22.6,0,2.3
2023/11/6,21.8,4.5,4
2023/11/7,16.8,0,3.7
2023/11/8,15.8,0,1.8
2023/11/9,19.7,0,1.8
2023/11/10,17.8,14,3.6
2023/11/11,16.9,0,3.5
2023/11/12,13.2,0.5,3.4
2023/11/13,10.9,0.5,4.1
2023/11/14,11.7,0,2.2
2023/11/15,12.7,0,1.9
2023/11/16,12.1,10.5,1.8
2023/11/17,11.6,14.5,3.3
2023/11/18,9.8,4.5,5
2023/11/19,13.4,0,2.4
2023/11/20,14.6,0,2.6
2023/11/21,12.7,0,1.5
2023/11/22,15.8,0,1.8
2023/11/23,18.9,0,2.9
2023/11/24,12.6,0,4.8
2023/11/25,10.2,0,3.1
2023/11/26,10.8,0,1.7
2023/11/27,14.2,0.5,2.2
2023/11/28,13.5,2.5,3.5
2023/11/29,12.3,0,1.8
2023/11/30,9.8,0,3.5
2023/12/1,8.5,0,4
2023/12/2,8.9,0,2.8
2023/12/3,9.1,1,1.9
2023/12/4,9.9,0,1.8
2023/12/5,11.7,0,1.5
2023/12/6,13,1,2.5
2023/12/7,12.1,0,3.3
2023/12/8,11.7,0,2.3
2023/12/9,16.1,0,2.3
2023/12/10,16.3,0,1.9
2023/12/11,16.4,12.5,2.5
2023/12/12,15.3,3,4.4
2023/12/13,13.8,0,2.4
2023/12/14,14.1,6,1.7
2023/12/15,19.6,2.5,3.4
2023/12/16,10.4,5.5,4.2
2023/12/17,4.7,0.5,4.7
2023/12/18,4.2,0,1.5
2023/12/19,5.6,0.5,1.6
2023/12/20,7.3,0,3.7
2023/12/21,2.8,1.5,4.5
2023/12/22,3,0,4.8
2023/12/23,3.9,0,2
2023/12/24,4.8,5,2
2023/12/25,6.5,0,2.7
2023/12/26,7.4,0,1.4
2023/12/27,9.2,0,1.8
2023/12/28,9.7,0,1.6
2023/12/29,9.8,0,1.6
2023/12/30,10.4,0,1.8
2023/12/31,11.8,5.5,4.4
2024/1/1,9.5,1,2.3
2024/1/2,9.6,0,1.5
2024/1/3,9.3,8,2.3
2024/1/4,8.3,1.5,2.8
2024/1/5,9,0,2.6
2024/1/6,10.6,1.5,2.2
2024/1/7,7.3,0,3.8
2024/1/8,6,0,2.6
2024/1/9,7.6,0,2
2024/1/10,9.2,8,2.3
2024/1/11,9,0,2
2024/1/12,10.6,0,2
2024/1/13,8.5,0,3.4
2024/1/14,8.9,0,2
2024/1/15,10.7,4.5,4.6
2024/1/16,8.1,0,2.6
2024/1/17,10.6,0,1.7
2024/1/18,14.4,7,2
2024/1/19,11.8,2.5,3.2
2024/1/20,10.3,18.5,2.1
2024/1/21,10.9,6,3.6
2024/1/22,6.2,1,3.6
2024/1/23,2.2,0,5.6
2024/1/24,2.9,0,5.2
2024/1/25,4.8,0,4
2024/1/26,5.1,0,2.1
2024/1/27,5.5,0,2
2024/1/28,5.9,4,2.1
2024/1/29,6.1,0,2.1
2024/1/30,7.7,0,1.5
2024/1/31,9.9,17,1.4
2024/2/1,10.9,3,2
2024/2/2,9.4,0,3.5
2024/2/3,6.7,12,1.9
2024/2/4,8.8,0.5,2.2
2024/2/5,8.8,40,2.8
2024/2/6,8.6,0.5,1.7
2024/2/7,7.5,5.5,2.1
2024/2/8,7.3,0,1.9
2024/2/9,7.5,0,1.9
2024/2/10,8,0,2.5
2024/2/11,8.8,0,3.6
2024/2/12,8.6,0,2.3
2024/2/13,11.1,0,2.3
2024/2/14,15,0,2.8
2024/2/15,14.7,5.5,3.4
2024/2/16,8.9,0,4.5
2024/2/17,8.3,0,1.7
2024/2/18,14.9,0,2.5
2024/2/19,17.3,29.5,2.8
2024/2/20,14.3,5.5,2
2024/2/21,12.5,27.5,2.4
2024/2/22,10,7.5,4.1
2024/2/23,8.5,2.5,3.8
2024/2/24,8.5,0,3.3
2024/2/25,9.6,2,3.1
2024/2/26,9.2,3.5,5.1
2024/2/27,7.8,0,3.6
2024/2/28,8.3,0,2.3
2024/2/29,8.6,23,2.9
2024/3/1,8.6,1.5,4.7
2024/3/2,4.6,0,3.9
2024/3/3,6,1,2.1
2024/3/4,10.2,1.5,2.2
2024/3/5,10,22.5,2
2024/3/6,10.5,0,5
2024/3/7,10,0,2.2
2024/3/8,9.5,0,4.5
2024/3/9,8.1,0,3.7
2024/3/10,8.3,0,2.4
2024/3/11,9.8,4,2.1
2024/3/12,10.7,16,3.6
2024/3/13,10.6,0,2.5
2024/3/14,11.4,0,2.2
2024/3/15,12.1,0,2.3
2024/3/16,13.6,0,2.3
2024/3/17,13.1,2,2.1
2024/3/18,11.8,0,4.5
2024/3/19,12,7.5,2.4
2024/3/20,9.4,0,5.7
2024/3/21,8.7,0,2.6
2024/3/22,11.7,0,2.6
2024/3/23,17.1,15.5,2.6
2024/3/24,14.8,30.5,2.1
2024/3/25,13.2,7.5,2.6
2024/3/26,11.7,23.5,5.1
2024/3/27,12.3,0,2.9
2024/3/28,13.8,6,3.6
2024/3/29,17.8,0,3.1
2024/3/30,19.2,0,3.9
2024/3/31,16.9,0.5,2.2
2024/4/1,17.1,0,2.6
2024/4/2,18.1,9.5,2.2
2024/4/3,17.3,62,3.2
2024/4/4,14.8,1.5,4.4
2024/4/5,15.2,0,2.7
2024/4/6,15.8,0,2
2024/4/7,17.9,0,2
2024/4/8,16.6,33,2.3
2024/4/9,14.1,2.5,5.8
2024/4/10,13.7,0,2.8
2024/4/11,16.3,1.5,1.6
2024/4/12,18.2,0,1.9
2024/4/13,19,0,2.3
2024/4/14,21.3,0,2.2
2024/4/15,19,16.5,3.4
2024/4/16,18.4,0,2.1
2024/4/17,17.7,0,2.3
2024/4/18,17.9,0,3.9
2024/4/19,18.5,0,2
2024/4/20,18.2,7.5,2.8
2024/4/21,17.9,18,2.3
2024/4/22,17,1,2.9
2024/4/23,17.3,0,2.4
2024/4/24,17.4,3.5,2.9
2024/4/25,17.5,0,2.4
2024/4/26,17.4,0,1.4
2024/4/27,19.2,0.5,2.1
2024/4/28,20.8,0,1.8
2024/4/29,21.4,13.5,2.1
2024/4/30,18.1,1,3.3
2024/5/1,16.1,4,4.2
2024/5/2,16,0,3.9
2024/5/3,18.2,0,2.5
2024/5/4,22.2,0,2.3
2024/5/5,22.7,0,3.6
2024/5/6,20.9,3.5,3.9
2024/5/7,19.3,0,3.8
2024/5/8,16,0,5.6
2024/5/9,16.3,0,3
2024/5/10,19.3,0,2.4
2024/5/11,22.3,1.5,3
2024/5/12,19.7,30.5,2.2
2024/5/13,18.8,0.5,4.8
2024/5/14,18.6,0,2.3
2024/5/15,19.7,0,2.7
2024/5/16,18.3,1,5.3
2024/5/17,21.1,0,2.8
2024/5/18,21.5,0,2.3
2024/5/19,23,0,2.3
2024/5/20,22.5,0,2.3
2024/5/21,21,0,3.2
2024/5/22,21.1,0,1.5
2024/5/23,23.2,0,1.6
2024/5/24,22.1,0,3
2024/5/25,21.1,0,3.2
2024/5/26,24.4,26.5,3.3
2024/5/27,22.5,22.5,2
2024/5/28,17.8,25.5,3.6
2024/5/29,19.6,0,3
2024/5/30,21.2,0,1.8
2024/5/31,19.8,4,2.1
2024/6/1,20.9,0,2.6
2024/6/2,20.2,0,3.3
2024/6/3,20.3,0,4.8
2024/6/4,20.4,0,5.4
2024/6/5,20.8,0,2.7
2024/6/6,22,0,2
2024/6/7,23.3,0,2.3
2024/6/8,23.3,9.5,2.5
2024/6/9,22.4,19,2.3
2024/6/10,23.4,0,2.2
2024/6/11,24,0,2.1
2024/6/12,25.2,0,2.4
2024/6/13,25.9,0,2.4
2024/6/14,26.3,0,2.4
2024/6/15,26.6,0,2.4
2024/6/16,26.4,0,2.9
2024/6/17,23.2,45.5,1.8
2024/6/18,23.5,9.5,3
2024/6/19,25.4,0,2.1
2024/6/20,22.8,54,2.9
2024/6/21,24.1,1.5,2.3
2024/6/22,26.9,14,3.4
2024/6/23,27.2,23.5,3.2
2024/6/24,26,0.5,2.4
2024/6/25,24.7,1,1.9
2024/6/26,22.6,3,1.5
2024/6/27,22.6,36,1.9
2024/6/28,24.1,5,1.9
2024/6/29,25.6,7.5,2.4
2024/6/30,28.1,5,3.9
2024/7/1,26.2,16.5,1.6
2024/7/2,28.3,43,2.8
2024/7/3,31.2,0,4.4
2024/7/4,30.6,0,3.7
2024/7/5,30.5,0,5
2024/7/6,31.5,0,4.7
2024/7/7,31.9,0,4.6
2024/7/8,31.7,0,4.3
2024/7/9,31.9,0,4.7
2024/7/10,29.7,12.5,3.6
2024/7/11,26,19.5,2.3
2024/7/12,26.1,0.5,2.3
2024/7/13,26.6,8.5,2.1
2024/7/14,24.8,25,3.2
2024/7/15,25.8,25,2.8
2024/7/16,27.3,15,2.1
2024/7/17,29.7,0,2.3
2024/7/18,30.6,0,3.9
2024/7/19,31.5,0,4
2024/7/20,32.3,0,3.5
2024/7/21,30.8,0,2.3
2024/7/22,31.2,0,2.6
2024/7/23,32.2,0,3.1
2024/7/24,30.7,0,2.6
2024/7/25,31.2,29.5,2.7
2024/7/26,31.1,0,3
2024/7/27,32,0,3.5
2024/7/28,31.3,0,2.7
2024/7/29,31.1,0,3.3
2024/7/30,30.8,0,3.4
2024/7/31,31,0,3.2
2024/8/1,31.4,0,2.7
2024/8/2,32.1,0,2.7
2024/8/3,32.3,0,2.7
2024/8/4,32.3,0,2.9
2024/8/5,31.7,0,3.3
2024/8/6,30.6,0,3.4
2024/8/7,30.4,0,3.2
2024/8/8,31.5,0,2.6
2024/8/9,31.6,0,2.9
2024/8/10,30.6,0,4.3
2024/8/11,29.8,0,3.5
2024/8/12,29.6,0,3.4
2024/8/13,30.2,0,3.5
2024/8/14,30.3,0,3
2024/8/15,29.9,0,2.8
2024/8/16,30.1,0,3.7
2024/8/17,29.9,0,4.2
2024/8/18,30.1,0,2.5
2024/8/19,31.4,0,3.3
2024/8/20,32.1,8.5,3.3
2024/8/21,32.2,0,2.9
2024/8/22,32.6,0,3.1
2024/8/23,31.3,0,2.4
2024/8/24,30.7,6,1.9
2024/8/25,28.9,18.5,1.9
2024/8/26,30.9,0,2.5
2024/8/27,31.5,3,2.5
2024/8/28,28.6,2,3.7
2024/8/29,25.4,117.5,6.3
2024/8/30,26.1,69.5,6.2
2024/8/31,28.4,0,3.6
2024/9/1,27.5,0,2.6
2024/9/2,28.1,0,2.5
2024/9/3,28.4,0,3.5
2024/9/4,28.1,0,3.1
2024/9/5,28.8,0,2.2
2024/9/6,29,0,2.3
2024/9/7,29.4,0,2.3
2024/9/8,29.3,0,2.5
2024/9/9,30.8,0,2.3
2024/9/10,30.2,12.5,2.2
2024/9/11,30.6,0,2.3
2024/9/12,30.1,0,2.6
2024/9/13,30.5,0,2.5
2024/9/14,31.3,0,2.4
2024/9/15,31.7,0,2.6
2024/9/16,29.9,23,2.5
2024/9/17,30.5,0,2.3
2024/9/18,31.2,0,2.5
2024/9/19,32.9,0,2.5
2024/9/20,31.7,0,2.9
2024/9/21,29.6,23.5,3.7
2024/9/22,26.1,56.5,3.7
2024/9/23,24.8,0,4.7
2024/9/24,25.3,0,2.3
2024/9/25,26.3,0,2.3
2024/9/26,27.1,0,2.7
2024/9/27,26.7,0,3.2
2024/9/28,27,0,3.6
2024/9/29,26.1,0,3.5
2024/9/30,26.3,0,2.4
2024/10/1,26.4,0,2.2
2024/10/2,20.4,15.5,3.6
2024/10/3,20.8,4,1.1
2024/10/4,22.3,1.5,3.8
2024/10/5,23.4,0,2.4
2024/10/6,8,0,8
2024/10/7,34,0,8
2024/10/8,7.5,0,8
2024/10/9,0,1,8
2024/10/10,0,1,8
2024/10/11,0,1,8
2024/10/12,0,1,8
2024/10/13,0,1,8
2024/10/14,0,0,8
2024/10/15,0.5,0,8
2024/10/16,0,0,8
2024/10/17,0,0,8
2024/10/18,0,0,8
2024/10/19,24,0,8
2024/10/20,0,1,8
2024/10/21,0,0,8
2024/10/22,29,0,8
2024/10/23,1.5,0,8
2024/10/24,0,1,8
2024/10/25,0,1,8
2024/10/26,3.5,0,8
2024/10/27,7,0,8
2024/10/28,4,0,8
2024/10/29,0,1,8
2024/10/30,0,1,8
2024/10/31,0,1,8
2024/11/1,131.5,0,8
2024/11/2,128,0,8
2024/11/3,0,1,8
2024/11/4,0,1,8
2024/11/5,0,0,8
2024/11/6,0,0,8
2024/11/7,0,0,8
2024/11/8,0,1,8
2024/11/9,0,1,8
2024/11/10,15,0,8
2024/11/11,1.5,0,8
2024/11/12,0,1,8
2024/11/13,0,1,8
2024/11/14,0,1,8
2024/11/15,0.5,0,8
2024/11/16,0,0,8
2024/11/17,1,0,8
2024/11/18,0,0,8
2024/11/19,0,1,8
2024/11/20,0,1,8
2024/11/21,0,0,8
2024/11/22,0,0,8
2024/11/23,1.5,0,8
2024/11/24,0,1,8
2024/11/25,0,1,8
2024/11/26,12.5,0,8
2024/11/27,27.5,0,8
2024/11/28,32,0,8
2024/11/29,1.5,0,8
2024/11/30,0,0,8
2024/12/1,0,0,8
2024/12/2,1.5,0,8
2024/12/3,0,1,8
2024/12/4,0,1,8
2024/12/5,0,0,8
2024/12/6,0,0,8
